,potential,iteration,max_steps,annealing_param,annealing_scheme,net_size,num_copies,pdb_mutation
0,0.0,815,3000,0.005,['linear'],15,5,0.06
1,0.0,574,3000,0.005,['linear'],15,5,0.06
2,0.0,552,3000,0.005,['linear'],15,5,0.06
3,0.0,104,3000,0.005,['linear'],15,5,0.06
4,0.0,346,3000,0.005,['linear'],15,5,0.06
5,0.0,680,3000,0.005,['linear'],15,5,0.06
6,0.0,1894,3000,0.005,['linear'],15,5,0.06
7,0.0,339,3000,0.005,['linear'],15,5,0.06
8,0.0,447,3000,0.005,['linear'],15,5,0.06
9,0.0,904,3000,0.005,['linear'],15,5,0.06
10,0.0,624,3000,0.005,['linear'],15,5,0.06
11,0.0,205,3000,0.005,['linear'],15,5,0.06
12,0.0,1667,3000,0.005,['linear'],15,5,0.06
13,0.0,159,3000,0.005,['linear'],15,5,0.06
14,0.0,162,3000,0.005,['linear'],15,5,0.06
15,0.125,2999,3000,0.005,['linear'],15,5,0.06
16,0.0,2679,3000,0.005,['linear'],15,5,0.06
17,0.0,270,3000,0.005,['linear'],15,5,0.06
18,0.25,2999,3000,0.005,['linear'],15,5,0.06
19,0.0,305,3000,0.005,['linear'],15,5,0.06
20,0.0,1643,3000,0.005,['linear'],15,5,0.06
21,0.0,572,3000,0.005,['linear'],15,5,0.06
22,0.0,368,3000,0.005,['linear'],15,5,0.06
23,0.125,2999,3000,0.005,['linear'],15,5,0.06
24,0.0,223,3000,0.005,['linear'],15,5,0.06
25,0.0,206,3000,0.005,['linear'],15,5,0.06
26,0.0,1109,3000,0.005,['linear'],15,5,0.06
27,0.0,529,3000,0.005,['linear'],15,5,0.06
28,0.0,2379,3000,0.005,['linear'],15,5,0.06
29,0.25,2999,3000,0.005,['linear'],15,5,0.06
30,0.0,470,3000,0.07379310344827587,['linear'],15,5,0.06
31,0.0,1853,3000,0.07379310344827587,['linear'],15,5,0.06
32,0.0,2850,3000,0.07379310344827587,['linear'],15,5,0.06
33,0.0,115,3000,0.07379310344827587,['linear'],15,5,0.06
34,0.0,683,3000,0.07379310344827587,['linear'],15,5,0.06
35,0.0,2071,3000,0.07379310344827587,['linear'],15,5,0.06
36,0.0,1237,3000,0.07379310344827587,['linear'],15,5,0.06
37,0.0,207,3000,0.07379310344827587,['linear'],15,5,0.06
38,0.0,1332,3000,0.07379310344827587,['linear'],15,5,0.06
39,0.0,91,3000,0.07379310344827587,['linear'],15,5,0.06
40,0.0,247,3000,0.07379310344827587,['linear'],15,5,0.06
41,0.25,2999,3000,0.07379310344827587,['linear'],15,5,0.06
42,0.0,626,3000,0.07379310344827587,['linear'],15,5,0.06
43,0.0,177,3000,0.07379310344827587,['linear'],15,5,0.06
44,0.0,1501,3000,0.07379310344827587,['linear'],15,5,0.06
45,0.0,517,3000,0.07379310344827587,['linear'],15,5,0.06
46,0.0,293,3000,0.07379310344827587,['linear'],15,5,0.06
47,0.0,515,3000,0.07379310344827587,['linear'],15,5,0.06
48,0.0,531,3000,0.07379310344827587,['linear'],15,5,0.06
49,0.0,2434,3000,0.07379310344827587,['linear'],15,5,0.06
50,0.0,863,3000,0.07379310344827587,['linear'],15,5,0.06
51,0.0,416,3000,0.07379310344827587,['linear'],15,5,0.06
52,0.0,2518,3000,0.07379310344827587,['linear'],15,5,0.06
53,0.0,212,3000,0.07379310344827587,['linear'],15,5,0.06
54,0.0,129,3000,0.07379310344827587,['linear'],15,5,0.06
55,0.0,719,3000,0.07379310344827587,['linear'],15,5,0.06
56,0.0,1707,3000,0.07379310344827587,['linear'],15,5,0.06
57,0.0,881,3000,0.07379310344827587,['linear'],15,5,0.06
58,0.0,196,3000,0.07379310344827587,['linear'],15,5,0.06
59,0.0,2148,3000,0.07379310344827587,['linear'],15,5,0.06
60,0.0,241,3000,0.14258620689655174,['linear'],15,5,0.06
61,0.0,241,3000,0.14258620689655174,['linear'],15,5,0.06
62,0.0,185,3000,0.14258620689655174,['linear'],15,5,0.06
63,0.0,346,3000,0.14258620689655174,['linear'],15,5,0.06
64,0.0,1186,3000,0.14258620689655174,['linear'],15,5,0.06
65,0.0,1713,3000,0.14258620689655174,['linear'],15,5,0.06
66,0.0,539,3000,0.14258620689655174,['linear'],15,5,0.06
67,0.25,2999,3000,0.14258620689655174,['linear'],15,5,0.06
68,0.0,64,3000,0.14258620689655174,['linear'],15,5,0.06
69,0.0,1603,3000,0.14258620689655174,['linear'],15,5,0.06
70,0.0,481,3000,0.14258620689655174,['linear'],15,5,0.06
71,0.0,1732,3000,0.14258620689655174,['linear'],15,5,0.06
72,0.0,428,3000,0.14258620689655174,['linear'],15,5,0.06
73,0.0,512,3000,0.14258620689655174,['linear'],15,5,0.06
74,0.0,473,3000,0.14258620689655174,['linear'],15,5,0.06
75,0.0,228,3000,0.14258620689655174,['linear'],15,5,0.06
76,0.0,1164,3000,0.14258620689655174,['linear'],15,5,0.06
77,0.0,872,3000,0.14258620689655174,['linear'],15,5,0.06
78,0.0,348,3000,0.14258620689655174,['linear'],15,5,0.06
79,0.0,310,3000,0.14258620689655174,['linear'],15,5,0.06
80,0.0,2999,3000,0.14258620689655174,['linear'],15,5,0.06
81,0.0,1452,3000,0.14258620689655174,['linear'],15,5,0.06
82,0.0,630,3000,0.14258620689655174,['linear'],15,5,0.06
83,0.0,255,3000,0.14258620689655174,['linear'],15,5,0.06
84,0.0,295,3000,0.14258620689655174,['linear'],15,5,0.06
85,0.0,1800,3000,0.14258620689655174,['linear'],15,5,0.06
86,0.0,1190,3000,0.14258620689655174,['linear'],15,5,0.06
87,0.0,306,3000,0.14258620689655174,['linear'],15,5,0.06
88,0.0,149,3000,0.14258620689655174,['linear'],15,5,0.06
89,0.0,413,3000,0.14258620689655174,['linear'],15,5,0.06
90,0.125,2999,3000,0.2113793103448276,['linear'],15,5,0.06
91,0.0,165,3000,0.2113793103448276,['linear'],15,5,0.06
92,0.0,724,3000,0.2113793103448276,['linear'],15,5,0.06
93,0.0,497,3000,0.2113793103448276,['linear'],15,5,0.06
94,0.0,258,3000,0.2113793103448276,['linear'],15,5,0.06
95,0.0,77,3000,0.2113793103448276,['linear'],15,5,0.06
96,0.0,66,3000,0.2113793103448276,['linear'],15,5,0.06
97,0.0,684,3000,0.2113793103448276,['linear'],15,5,0.06
98,0.0,170,3000,0.2113793103448276,['linear'],15,5,0.06
99,0.0,88,3000,0.2113793103448276,['linear'],15,5,0.06
100,0.0,1244,3000,0.2113793103448276,['linear'],15,5,0.06
101,0.0,180,3000,0.2113793103448276,['linear'],15,5,0.06
102,0.0,239,3000,0.2113793103448276,['linear'],15,5,0.06
103,0.0,362,3000,0.2113793103448276,['linear'],15,5,0.06
104,0.0,209,3000,0.2113793103448276,['linear'],15,5,0.06
105,0.0,272,3000,0.2113793103448276,['linear'],15,5,0.06
106,0.0,274,3000,0.2113793103448276,['linear'],15,5,0.06
107,0.0,860,3000,0.2113793103448276,['linear'],15,5,0.06
108,0.0,479,3000,0.2113793103448276,['linear'],15,5,0.06
109,0.0,941,3000,0.2113793103448276,['linear'],15,5,0.06
110,0.0,1514,3000,0.2113793103448276,['linear'],15,5,0.06
111,0.0,1147,3000,0.2113793103448276,['linear'],15,5,0.06
112,0.125,2999,3000,0.2113793103448276,['linear'],15,5,0.06
113,0.0,205,3000,0.2113793103448276,['linear'],15,5,0.06
114,0.0,443,3000,0.2113793103448276,['linear'],15,5,0.06
115,0.0,157,3000,0.2113793103448276,['linear'],15,5,0.06
116,0.0,1146,3000,0.2113793103448276,['linear'],15,5,0.06
117,0.0,269,3000,0.2113793103448276,['linear'],15,5,0.06
118,0.0,304,3000,0.2113793103448276,['linear'],15,5,0.06
119,0.0,2533,3000,0.2113793103448276,['linear'],15,5,0.06
120,0.0,717,3000,0.2801724137931035,['linear'],15,5,0.06
121,0.0,597,3000,0.2801724137931035,['linear'],15,5,0.06
122,0.0,1101,3000,0.2801724137931035,['linear'],15,5,0.06
123,0.0,743,3000,0.2801724137931035,['linear'],15,5,0.06
124,0.0,1035,3000,0.2801724137931035,['linear'],15,5,0.06
125,0.0,1843,3000,0.2801724137931035,['linear'],15,5,0.06
126,0.0,285,3000,0.2801724137931035,['linear'],15,5,0.06
127,0.0,747,3000,0.2801724137931035,['linear'],15,5,0.06
128,0.0,988,3000,0.2801724137931035,['linear'],15,5,0.06
129,0.0,190,3000,0.2801724137931035,['linear'],15,5,0.06
130,0.0,2349,3000,0.2801724137931035,['linear'],15,5,0.06
131,0.0,136,3000,0.2801724137931035,['linear'],15,5,0.06
132,0.0,552,3000,0.2801724137931035,['linear'],15,5,0.06
133,0.0,2282,3000,0.2801724137931035,['linear'],15,5,0.06
134,0.0,968,3000,0.2801724137931035,['linear'],15,5,0.06
135,0.0,385,3000,0.2801724137931035,['linear'],15,5,0.06
136,0.0,226,3000,0.2801724137931035,['linear'],15,5,0.06
137,0.0,1124,3000,0.2801724137931035,['linear'],15,5,0.06
138,0.0,344,3000,0.2801724137931035,['linear'],15,5,0.06
139,0.0,258,3000,0.2801724137931035,['linear'],15,5,0.06
140,0.0,2201,3000,0.2801724137931035,['linear'],15,5,0.06
141,0.0,488,3000,0.2801724137931035,['linear'],15,5,0.06
142,0.0,234,3000,0.2801724137931035,['linear'],15,5,0.06
143,0.0,770,3000,0.2801724137931035,['linear'],15,5,0.06
144,0.0,194,3000,0.2801724137931035,['linear'],15,5,0.06
145,0.125,2999,3000,0.2801724137931035,['linear'],15,5,0.06
146,0.0,1924,3000,0.2801724137931035,['linear'],15,5,0.06
147,0.0,1027,3000,0.2801724137931035,['linear'],15,5,0.06
148,0.0,1069,3000,0.2801724137931035,['linear'],15,5,0.06
149,0.0,164,3000,0.2801724137931035,['linear'],15,5,0.06
150,0.125,2999,3000,0.34896551724137936,['linear'],15,5,0.06
151,0.0,425,3000,0.34896551724137936,['linear'],15,5,0.06
152,0.0,234,3000,0.34896551724137936,['linear'],15,5,0.06
153,0.0,321,3000,0.34896551724137936,['linear'],15,5,0.06
154,0.0,369,3000,0.34896551724137936,['linear'],15,5,0.06
155,0.25,2999,3000,0.34896551724137936,['linear'],15,5,0.06
156,0.0,2158,3000,0.34896551724137936,['linear'],15,5,0.06
157,0.25,2999,3000,0.34896551724137936,['linear'],15,5,0.06
158,0.0,530,3000,0.34896551724137936,['linear'],15,5,0.06
159,0.0,1541,3000,0.34896551724137936,['linear'],15,5,0.06
160,0.0,131,3000,0.34896551724137936,['linear'],15,5,0.06
161,0.0,178,3000,0.34896551724137936,['linear'],15,5,0.06
162,0.0,672,3000,0.34896551724137936,['linear'],15,5,0.06
163,0.0,443,3000,0.34896551724137936,['linear'],15,5,0.06
164,0.0,407,3000,0.34896551724137936,['linear'],15,5,0.06
165,0.0,2666,3000,0.34896551724137936,['linear'],15,5,0.06
166,0.0,447,3000,0.34896551724137936,['linear'],15,5,0.06
167,0.0,229,3000,0.34896551724137936,['linear'],15,5,0.06
168,0.25,2999,3000,0.34896551724137936,['linear'],15,5,0.06
169,0.25,2999,3000,0.34896551724137936,['linear'],15,5,0.06
170,0.0,348,3000,0.34896551724137936,['linear'],15,5,0.06
171,0.0,202,3000,0.34896551724137936,['linear'],15,5,0.06
172,0.0,465,3000,0.34896551724137936,['linear'],15,5,0.06
173,0.0,431,3000,0.34896551724137936,['linear'],15,5,0.06
174,0.0,705,3000,0.34896551724137936,['linear'],15,5,0.06
175,0.0,314,3000,0.34896551724137936,['linear'],15,5,0.06
176,0.0,1727,3000,0.34896551724137936,['linear'],15,5,0.06
177,0.0,262,3000,0.34896551724137936,['linear'],15,5,0.06
178,0.0,1116,3000,0.34896551724137936,['linear'],15,5,0.06
179,0.0,1285,3000,0.34896551724137936,['linear'],15,5,0.06
180,0.25,2999,3000,0.4177586206896552,['linear'],15,5,0.06
181,0.0,650,3000,0.4177586206896552,['linear'],15,5,0.06
182,0.0,838,3000,0.4177586206896552,['linear'],15,5,0.06
183,0.0,260,3000,0.4177586206896552,['linear'],15,5,0.06
184,0.0,796,3000,0.4177586206896552,['linear'],15,5,0.06
185,0.25,2999,3000,0.4177586206896552,['linear'],15,5,0.06
186,0.0,621,3000,0.4177586206896552,['linear'],15,5,0.06
187,0.0,748,3000,0.4177586206896552,['linear'],15,5,0.06
188,0.0,153,3000,0.4177586206896552,['linear'],15,5,0.06
189,0.0,1620,3000,0.4177586206896552,['linear'],15,5,0.06
190,0.0,156,3000,0.4177586206896552,['linear'],15,5,0.06
191,0.0,244,3000,0.4177586206896552,['linear'],15,5,0.06
192,0.0,266,3000,0.4177586206896552,['linear'],15,5,0.06
193,0.0,1723,3000,0.4177586206896552,['linear'],15,5,0.06
194,0.0,435,3000,0.4177586206896552,['linear'],15,5,0.06
195,0.0,180,3000,0.4177586206896552,['linear'],15,5,0.06
196,0.0,665,3000,0.4177586206896552,['linear'],15,5,0.06
197,0.0,240,3000,0.4177586206896552,['linear'],15,5,0.06
198,0.0,78,3000,0.4177586206896552,['linear'],15,5,0.06
199,0.0,1212,3000,0.4177586206896552,['linear'],15,5,0.06
200,0.0,81,3000,0.4177586206896552,['linear'],15,5,0.06
201,0.0,226,3000,0.4177586206896552,['linear'],15,5,0.06
202,0.0,925,3000,0.4177586206896552,['linear'],15,5,0.06
203,0.0,163,3000,0.4177586206896552,['linear'],15,5,0.06
204,0.0,475,3000,0.4177586206896552,['linear'],15,5,0.06
205,0.0,1313,3000,0.4177586206896552,['linear'],15,5,0.06
206,0.0,1053,3000,0.4177586206896552,['linear'],15,5,0.06
207,0.0,556,3000,0.4177586206896552,['linear'],15,5,0.06
208,0.0,53,3000,0.4177586206896552,['linear'],15,5,0.06
209,0.0,405,3000,0.4177586206896552,['linear'],15,5,0.06
210,0.0,691,3000,0.4865517241379311,['linear'],15,5,0.06
211,0.0,680,3000,0.4865517241379311,['linear'],15,5,0.06
212,0.0,360,3000,0.4865517241379311,['linear'],15,5,0.06
213,0.0,1964,3000,0.4865517241379311,['linear'],15,5,0.06
214,0.0,830,3000,0.4865517241379311,['linear'],15,5,0.06
215,0.0,129,3000,0.4865517241379311,['linear'],15,5,0.06
216,0.0,237,3000,0.4865517241379311,['linear'],15,5,0.06
217,0.0,1355,3000,0.4865517241379311,['linear'],15,5,0.06
218,0.0,228,3000,0.4865517241379311,['linear'],15,5,0.06
219,0.0,425,3000,0.4865517241379311,['linear'],15,5,0.06
220,0.0,123,3000,0.4865517241379311,['linear'],15,5,0.06
221,0.0,1266,3000,0.4865517241379311,['linear'],15,5,0.06
222,0.0,1148,3000,0.4865517241379311,['linear'],15,5,0.06
223,0.0,530,3000,0.4865517241379311,['linear'],15,5,0.06
224,0.0,322,3000,0.4865517241379311,['linear'],15,5,0.06
225,0.0,281,3000,0.4865517241379311,['linear'],15,5,0.06
226,0.0,285,3000,0.4865517241379311,['linear'],15,5,0.06
227,0.0,413,3000,0.4865517241379311,['linear'],15,5,0.06
228,0.0,346,3000,0.4865517241379311,['linear'],15,5,0.06
229,0.0,168,3000,0.4865517241379311,['linear'],15,5,0.06
230,0.0,431,3000,0.4865517241379311,['linear'],15,5,0.06
231,0.0,47,3000,0.4865517241379311,['linear'],15,5,0.06
232,0.0,494,3000,0.4865517241379311,['linear'],15,5,0.06
233,0.0,728,3000,0.4865517241379311,['linear'],15,5,0.06
234,0.0,369,3000,0.4865517241379311,['linear'],15,5,0.06
235,0.0,650,3000,0.4865517241379311,['linear'],15,5,0.06
236,0.0,468,3000,0.4865517241379311,['linear'],15,5,0.06
237,0.0,255,3000,0.4865517241379311,['linear'],15,5,0.06
238,0.0,873,3000,0.4865517241379311,['linear'],15,5,0.06
239,0.0,1438,3000,0.4865517241379311,['linear'],15,5,0.06
240,0.0,275,3000,0.555344827586207,['linear'],15,5,0.06
241,0.0,30,3000,0.555344827586207,['linear'],15,5,0.06
242,0.0,1627,3000,0.555344827586207,['linear'],15,5,0.06
243,0.0,967,3000,0.555344827586207,['linear'],15,5,0.06
244,0.0,2330,3000,0.555344827586207,['linear'],15,5,0.06
245,0.0,141,3000,0.555344827586207,['linear'],15,5,0.06
246,0.0,339,3000,0.555344827586207,['linear'],15,5,0.06
247,0.0,498,3000,0.555344827586207,['linear'],15,5,0.06
248,0.0,985,3000,0.555344827586207,['linear'],15,5,0.06
249,0.0,416,3000,0.555344827586207,['linear'],15,5,0.06
250,0.0,106,3000,0.555344827586207,['linear'],15,5,0.06
251,0.0,834,3000,0.555344827586207,['linear'],15,5,0.06
252,0.0,125,3000,0.555344827586207,['linear'],15,5,0.06
253,0.0,949,3000,0.555344827586207,['linear'],15,5,0.06
254,0.0,252,3000,0.555344827586207,['linear'],15,5,0.06
255,0.0,150,3000,0.555344827586207,['linear'],15,5,0.06
256,0.0,325,3000,0.555344827586207,['linear'],15,5,0.06
257,0.0,176,3000,0.555344827586207,['linear'],15,5,0.06
258,0.0,1015,3000,0.555344827586207,['linear'],15,5,0.06
259,0.0,592,3000,0.555344827586207,['linear'],15,5,0.06
260,0.125,2999,3000,0.555344827586207,['linear'],15,5,0.06
261,0.0,684,3000,0.555344827586207,['linear'],15,5,0.06
262,0.0,171,3000,0.555344827586207,['linear'],15,5,0.06
263,0.0,834,3000,0.555344827586207,['linear'],15,5,0.06
264,0.0,477,3000,0.555344827586207,['linear'],15,5,0.06
265,0.0,265,3000,0.555344827586207,['linear'],15,5,0.06
266,0.0,196,3000,0.555344827586207,['linear'],15,5,0.06
267,0.0,434,3000,0.555344827586207,['linear'],15,5,0.06
268,0.0,1005,3000,0.555344827586207,['linear'],15,5,0.06
269,0.0,599,3000,0.555344827586207,['linear'],15,5,0.06
270,0.0,1655,3000,0.6241379310344828,['linear'],15,5,0.06
271,0.0,304,3000,0.6241379310344828,['linear'],15,5,0.06
272,0.0,265,3000,0.6241379310344828,['linear'],15,5,0.06
273,0.0,320,3000,0.6241379310344828,['linear'],15,5,0.06
274,0.0,540,3000,0.6241379310344828,['linear'],15,5,0.06
275,0.125,2999,3000,0.6241379310344828,['linear'],15,5,0.06
276,0.0,560,3000,0.6241379310344828,['linear'],15,5,0.06
277,0.0,74,3000,0.6241379310344828,['linear'],15,5,0.06
278,0.0,443,3000,0.6241379310344828,['linear'],15,5,0.06
279,0.0,207,3000,0.6241379310344828,['linear'],15,5,0.06
280,0.0,238,3000,0.6241379310344828,['linear'],15,5,0.06
281,0.0,275,3000,0.6241379310344828,['linear'],15,5,0.06
282,0.0,947,3000,0.6241379310344828,['linear'],15,5,0.06
283,0.0,1180,3000,0.6241379310344828,['linear'],15,5,0.06
284,0.0,1465,3000,0.6241379310344828,['linear'],15,5,0.06
285,0.0,186,3000,0.6241379310344828,['linear'],15,5,0.06
286,0.0,245,3000,0.6241379310344828,['linear'],15,5,0.06
287,0.0,103,3000,0.6241379310344828,['linear'],15,5,0.06
288,0.0,372,3000,0.6241379310344828,['linear'],15,5,0.06
289,0.125,2999,3000,0.6241379310344828,['linear'],15,5,0.06
290,0.125,2999,3000,0.6241379310344828,['linear'],15,5,0.06
291,0.0,1802,3000,0.6241379310344828,['linear'],15,5,0.06
292,0.0,554,3000,0.6241379310344828,['linear'],15,5,0.06
293,0.0,301,3000,0.6241379310344828,['linear'],15,5,0.06
294,0.0,535,3000,0.6241379310344828,['linear'],15,5,0.06
295,0.0,208,3000,0.6241379310344828,['linear'],15,5,0.06
296,0.0,279,3000,0.6241379310344828,['linear'],15,5,0.06
297,0.0,1953,3000,0.6241379310344828,['linear'],15,5,0.06
298,0.0,1588,3000,0.6241379310344828,['linear'],15,5,0.06
299,0.0,898,3000,0.6241379310344828,['linear'],15,5,0.06
300,0.0,130,3000,0.6929310344827587,['linear'],15,5,0.06
301,0.0,460,3000,0.6929310344827587,['linear'],15,5,0.06
302,0.0,128,3000,0.6929310344827587,['linear'],15,5,0.06
303,0.0,613,3000,0.6929310344827587,['linear'],15,5,0.06
304,0.0,1646,3000,0.6929310344827587,['linear'],15,5,0.06
305,0.0,148,3000,0.6929310344827587,['linear'],15,5,0.06
306,0.0,1138,3000,0.6929310344827587,['linear'],15,5,0.06
307,0.0,267,3000,0.6929310344827587,['linear'],15,5,0.06
308,0.0,1566,3000,0.6929310344827587,['linear'],15,5,0.06
309,0.0,99,3000,0.6929310344827587,['linear'],15,5,0.06
310,0.0,106,3000,0.6929310344827587,['linear'],15,5,0.06
311,0.0,130,3000,0.6929310344827587,['linear'],15,5,0.06
312,0.0,2183,3000,0.6929310344827587,['linear'],15,5,0.06
313,0.0,298,3000,0.6929310344827587,['linear'],15,5,0.06
314,0.0,1174,3000,0.6929310344827587,['linear'],15,5,0.06
315,0.0,2610,3000,0.6929310344827587,['linear'],15,5,0.06
316,0.0,659,3000,0.6929310344827587,['linear'],15,5,0.06
317,0.0,691,3000,0.6929310344827587,['linear'],15,5,0.06
318,0.0,2038,3000,0.6929310344827587,['linear'],15,5,0.06
319,0.0,1993,3000,0.6929310344827587,['linear'],15,5,0.06
320,0.0,265,3000,0.6929310344827587,['linear'],15,5,0.06
321,0.0,213,3000,0.6929310344827587,['linear'],15,5,0.06
322,0.0,775,3000,0.6929310344827587,['linear'],15,5,0.06
323,0.0,263,3000,0.6929310344827587,['linear'],15,5,0.06
324,0.0,469,3000,0.6929310344827587,['linear'],15,5,0.06
325,0.0,2818,3000,0.6929310344827587,['linear'],15,5,0.06
326,0.0,1382,3000,0.6929310344827587,['linear'],15,5,0.06
327,0.0,384,3000,0.6929310344827587,['linear'],15,5,0.06
328,0.0,2738,3000,0.6929310344827587,['linear'],15,5,0.06
329,0.0,2086,3000,0.6929310344827587,['linear'],15,5,0.06
330,0.0,1481,3000,0.7617241379310346,['linear'],15,5,0.06
331,0.0,194,3000,0.7617241379310346,['linear'],15,5,0.06
332,0.0,134,3000,0.7617241379310346,['linear'],15,5,0.06
333,0.25,2999,3000,0.7617241379310346,['linear'],15,5,0.06
334,0.0,140,3000,0.7617241379310346,['linear'],15,5,0.06
335,0.0,1133,3000,0.7617241379310346,['linear'],15,5,0.06
336,0.0,1967,3000,0.7617241379310346,['linear'],15,5,0.06
337,0.0,827,3000,0.7617241379310346,['linear'],15,5,0.06
338,0.0,181,3000,0.7617241379310346,['linear'],15,5,0.06
339,0.0,82,3000,0.7617241379310346,['linear'],15,5,0.06
340,0.0,601,3000,0.7617241379310346,['linear'],15,5,0.06
341,0.25,2999,3000,0.7617241379310346,['linear'],15,5,0.06
342,0.25,2999,3000,0.7617241379310346,['linear'],15,5,0.06
343,0.0,193,3000,0.7617241379310346,['linear'],15,5,0.06
344,0.0,235,3000,0.7617241379310346,['linear'],15,5,0.06
345,0.0,577,3000,0.7617241379310346,['linear'],15,5,0.06
346,0.0,177,3000,0.7617241379310346,['linear'],15,5,0.06
347,0.0,198,3000,0.7617241379310346,['linear'],15,5,0.06
348,0.0,139,3000,0.7617241379310346,['linear'],15,5,0.06
349,0.0,1330,3000,0.7617241379310346,['linear'],15,5,0.06
350,0.0,1779,3000,0.7617241379310346,['linear'],15,5,0.06
351,0.0,102,3000,0.7617241379310346,['linear'],15,5,0.06
352,0.0,355,3000,0.7617241379310346,['linear'],15,5,0.06
353,0.0,290,3000,0.7617241379310346,['linear'],15,5,0.06
354,0.0,368,3000,0.7617241379310346,['linear'],15,5,0.06
355,0.0,747,3000,0.7617241379310346,['linear'],15,5,0.06
356,0.0,1376,3000,0.7617241379310346,['linear'],15,5,0.06
357,0.0,1087,3000,0.7617241379310346,['linear'],15,5,0.06
358,0.0,123,3000,0.7617241379310346,['linear'],15,5,0.06
359,0.0,320,3000,0.7617241379310346,['linear'],15,5,0.06
360,0.0,2611,3000,0.8305172413793104,['linear'],15,5,0.06
361,0.0,219,3000,0.8305172413793104,['linear'],15,5,0.06
362,0.0,202,3000,0.8305172413793104,['linear'],15,5,0.06
363,0.0,107,3000,0.8305172413793104,['linear'],15,5,0.06
364,0.25,2999,3000,0.8305172413793104,['linear'],15,5,0.06
365,0.0,315,3000,0.8305172413793104,['linear'],15,5,0.06
366,0.0,215,3000,0.8305172413793104,['linear'],15,5,0.06
367,0.0,237,3000,0.8305172413793104,['linear'],15,5,0.06
368,0.0,620,3000,0.8305172413793104,['linear'],15,5,0.06
369,0.125,2999,3000,0.8305172413793104,['linear'],15,5,0.06
370,0.0,1881,3000,0.8305172413793104,['linear'],15,5,0.06
371,0.0,152,3000,0.8305172413793104,['linear'],15,5,0.06
372,0.0,771,3000,0.8305172413793104,['linear'],15,5,0.06
373,0.0,400,3000,0.8305172413793104,['linear'],15,5,0.06
374,0.0,835,3000,0.8305172413793104,['linear'],15,5,0.06
375,0.0,1416,3000,0.8305172413793104,['linear'],15,5,0.06
376,0.0,277,3000,0.8305172413793104,['linear'],15,5,0.06
377,0.0,465,3000,0.8305172413793104,['linear'],15,5,0.06
378,0.0,411,3000,0.8305172413793104,['linear'],15,5,0.06
379,0.25,2999,3000,0.8305172413793104,['linear'],15,5,0.06
380,0.0,1425,3000,0.8305172413793104,['linear'],15,5,0.06
381,0.0,571,3000,0.8305172413793104,['linear'],15,5,0.06
382,0.0,429,3000,0.8305172413793104,['linear'],15,5,0.06
383,0.0,1458,3000,0.8305172413793104,['linear'],15,5,0.06
384,0.0,241,3000,0.8305172413793104,['linear'],15,5,0.06
385,0.0,420,3000,0.8305172413793104,['linear'],15,5,0.06
386,0.0,234,3000,0.8305172413793104,['linear'],15,5,0.06
387,0.0,457,3000,0.8305172413793104,['linear'],15,5,0.06
388,0.0,106,3000,0.8305172413793104,['linear'],15,5,0.06
389,0.0,1836,3000,0.8305172413793104,['linear'],15,5,0.06
390,0.0,972,3000,0.8993103448275863,['linear'],15,5,0.06
391,0.0,1269,3000,0.8993103448275863,['linear'],15,5,0.06
392,0.0,1887,3000,0.8993103448275863,['linear'],15,5,0.06
393,0.0,131,3000,0.8993103448275863,['linear'],15,5,0.06
394,0.0,507,3000,0.8993103448275863,['linear'],15,5,0.06
395,0.0,306,3000,0.8993103448275863,['linear'],15,5,0.06
396,0.0,829,3000,0.8993103448275863,['linear'],15,5,0.06
397,0.0,1192,3000,0.8993103448275863,['linear'],15,5,0.06
398,0.0,596,3000,0.8993103448275863,['linear'],15,5,0.06
399,0.0,2363,3000,0.8993103448275863,['linear'],15,5,0.06
400,0.125,2999,3000,0.8993103448275863,['linear'],15,5,0.06
401,0.0,61,3000,0.8993103448275863,['linear'],15,5,0.06
402,0.0,366,3000,0.8993103448275863,['linear'],15,5,0.06
403,0.0,403,3000,0.8993103448275863,['linear'],15,5,0.06
404,0.0,568,3000,0.8993103448275863,['linear'],15,5,0.06
405,0.0,756,3000,0.8993103448275863,['linear'],15,5,0.06
406,0.0,563,3000,0.8993103448275863,['linear'],15,5,0.06
407,0.0,247,3000,0.8993103448275863,['linear'],15,5,0.06
408,0.125,2999,3000,0.8993103448275863,['linear'],15,5,0.06
409,0.0,1918,3000,0.8993103448275863,['linear'],15,5,0.06
410,0.0,757,3000,0.8993103448275863,['linear'],15,5,0.06
411,0.0,674,3000,0.8993103448275863,['linear'],15,5,0.06
412,0.0,901,3000,0.8993103448275863,['linear'],15,5,0.06
413,0.0,307,3000,0.8993103448275863,['linear'],15,5,0.06
414,0.0,648,3000,0.8993103448275863,['linear'],15,5,0.06
415,0.0,128,3000,0.8993103448275863,['linear'],15,5,0.06
416,0.0,1523,3000,0.8993103448275863,['linear'],15,5,0.06
417,0.0,412,3000,0.8993103448275863,['linear'],15,5,0.06
418,0.0,225,3000,0.8993103448275863,['linear'],15,5,0.06
419,0.0,308,3000,0.8993103448275863,['linear'],15,5,0.06
420,0.0,205,3000,0.9681034482758621,['linear'],15,5,0.06
421,0.0,1422,3000,0.9681034482758621,['linear'],15,5,0.06
422,0.0,638,3000,0.9681034482758621,['linear'],15,5,0.06
423,0.0,1140,3000,0.9681034482758621,['linear'],15,5,0.06
424,0.0,208,3000,0.9681034482758621,['linear'],15,5,0.06
425,0.0,1579,3000,0.9681034482758621,['linear'],15,5,0.06
426,0.0,277,3000,0.9681034482758621,['linear'],15,5,0.06
427,0.0,115,3000,0.9681034482758621,['linear'],15,5,0.06
428,0.0,1804,3000,0.9681034482758621,['linear'],15,5,0.06
429,0.0,95,3000,0.9681034482758621,['linear'],15,5,0.06
430,0.0,576,3000,0.9681034482758621,['linear'],15,5,0.06
431,0.0,1542,3000,0.9681034482758621,['linear'],15,5,0.06
432,0.0,284,3000,0.9681034482758621,['linear'],15,5,0.06
433,0.0,436,3000,0.9681034482758621,['linear'],15,5,0.06
434,0.0,234,3000,0.9681034482758621,['linear'],15,5,0.06
435,0.0,1342,3000,0.9681034482758621,['linear'],15,5,0.06
436,0.0,328,3000,0.9681034482758621,['linear'],15,5,0.06
437,0.0,300,3000,0.9681034482758621,['linear'],15,5,0.06
438,0.0,754,3000,0.9681034482758621,['linear'],15,5,0.06
439,0.0,756,3000,0.9681034482758621,['linear'],15,5,0.06
440,0.25,2999,3000,0.9681034482758621,['linear'],15,5,0.06
441,0.0,1867,3000,0.9681034482758621,['linear'],15,5,0.06
442,0.0,2832,3000,0.9681034482758621,['linear'],15,5,0.06
443,0.0,152,3000,0.9681034482758621,['linear'],15,5,0.06
444,0.0,1742,3000,0.9681034482758621,['linear'],15,5,0.06
445,0.0,2136,3000,0.9681034482758621,['linear'],15,5,0.06
446,0.0,289,3000,0.9681034482758621,['linear'],15,5,0.06
447,0.0,207,3000,0.9681034482758621,['linear'],15,5,0.06
448,0.125,2999,3000,0.9681034482758621,['linear'],15,5,0.06
449,0.0,561,3000,0.9681034482758621,['linear'],15,5,0.06
450,0.0,1284,3000,1.036896551724138,['linear'],15,5,0.06
451,0.0,1881,3000,1.036896551724138,['linear'],15,5,0.06
452,0.0,1357,3000,1.036896551724138,['linear'],15,5,0.06
453,0.25,2999,3000,1.036896551724138,['linear'],15,5,0.06
454,0.0,1327,3000,1.036896551724138,['linear'],15,5,0.06
455,0.25,2999,3000,1.036896551724138,['linear'],15,5,0.06
456,0.0,345,3000,1.036896551724138,['linear'],15,5,0.06
457,0.0,257,3000,1.036896551724138,['linear'],15,5,0.06
458,0.0,141,3000,1.036896551724138,['linear'],15,5,0.06
459,0.0,1644,3000,1.036896551724138,['linear'],15,5,0.06
460,0.0,964,3000,1.036896551724138,['linear'],15,5,0.06
461,0.0,205,3000,1.036896551724138,['linear'],15,5,0.06
462,0.0,428,3000,1.036896551724138,['linear'],15,5,0.06
463,0.0,643,3000,1.036896551724138,['linear'],15,5,0.06
464,0.0,371,3000,1.036896551724138,['linear'],15,5,0.06
465,0.0,347,3000,1.036896551724138,['linear'],15,5,0.06
466,0.0,180,3000,1.036896551724138,['linear'],15,5,0.06
467,0.0,558,3000,1.036896551724138,['linear'],15,5,0.06
468,0.0,334,3000,1.036896551724138,['linear'],15,5,0.06
469,0.0,1256,3000,1.036896551724138,['linear'],15,5,0.06
470,0.0,522,3000,1.036896551724138,['linear'],15,5,0.06
471,0.125,2999,3000,1.036896551724138,['linear'],15,5,0.06
472,0.0,199,3000,1.036896551724138,['linear'],15,5,0.06
473,0.0,358,3000,1.036896551724138,['linear'],15,5,0.06
474,0.0,1858,3000,1.036896551724138,['linear'],15,5,0.06
475,0.125,2999,3000,1.036896551724138,['linear'],15,5,0.06
476,0.0,812,3000,1.036896551724138,['linear'],15,5,0.06
477,0.0,248,3000,1.036896551724138,['linear'],15,5,0.06
478,0.0,146,3000,1.036896551724138,['linear'],15,5,0.06
479,0.0,97,3000,1.036896551724138,['linear'],15,5,0.06
480,0.0,1945,3000,1.1056896551724138,['linear'],15,5,0.06
481,0.0,310,3000,1.1056896551724138,['linear'],15,5,0.06
482,0.0,162,3000,1.1056896551724138,['linear'],15,5,0.06
483,0.0,1144,3000,1.1056896551724138,['linear'],15,5,0.06
484,0.0,642,3000,1.1056896551724138,['linear'],15,5,0.06
485,0.0,149,3000,1.1056896551724138,['linear'],15,5,0.06
486,0.0,2216,3000,1.1056896551724138,['linear'],15,5,0.06
487,0.0,1231,3000,1.1056896551724138,['linear'],15,5,0.06
488,0.0,1534,3000,1.1056896551724138,['linear'],15,5,0.06
489,0.0,518,3000,1.1056896551724138,['linear'],15,5,0.06
490,0.0,284,3000,1.1056896551724138,['linear'],15,5,0.06
491,0.0,331,3000,1.1056896551724138,['linear'],15,5,0.06
492,0.0,829,3000,1.1056896551724138,['linear'],15,5,0.06
493,0.0,316,3000,1.1056896551724138,['linear'],15,5,0.06
494,0.125,2999,3000,1.1056896551724138,['linear'],15,5,0.06
495,0.0,288,3000,1.1056896551724138,['linear'],15,5,0.06
496,0.0,1656,3000,1.1056896551724138,['linear'],15,5,0.06
497,0.0,1765,3000,1.1056896551724138,['linear'],15,5,0.06
498,0.0,42,3000,1.1056896551724138,['linear'],15,5,0.06
499,0.0,1758,3000,1.1056896551724138,['linear'],15,5,0.06
500,0.0,323,3000,1.1056896551724138,['linear'],15,5,0.06
501,0.25,2999,3000,1.1056896551724138,['linear'],15,5,0.06
502,0.0,921,3000,1.1056896551724138,['linear'],15,5,0.06
503,0.0,2344,3000,1.1056896551724138,['linear'],15,5,0.06
504,0.125,2999,3000,1.1056896551724138,['linear'],15,5,0.06
505,0.0,1782,3000,1.1056896551724138,['linear'],15,5,0.06
506,0.0,864,3000,1.1056896551724138,['linear'],15,5,0.06
507,0.0,322,3000,1.1056896551724138,['linear'],15,5,0.06
508,0.0,213,3000,1.1056896551724138,['linear'],15,5,0.06
509,0.0,341,3000,1.1056896551724138,['linear'],15,5,0.06
510,0.0,310,3000,1.1744827586206896,['linear'],15,5,0.06
511,0.0,407,3000,1.1744827586206896,['linear'],15,5,0.06
512,0.0,197,3000,1.1744827586206896,['linear'],15,5,0.06
513,0.0,1221,3000,1.1744827586206896,['linear'],15,5,0.06
514,0.0,1105,3000,1.1744827586206896,['linear'],15,5,0.06
515,0.0,763,3000,1.1744827586206896,['linear'],15,5,0.06
516,0.0,106,3000,1.1744827586206896,['linear'],15,5,0.06
517,0.0,147,3000,1.1744827586206896,['linear'],15,5,0.06
518,0.0,133,3000,1.1744827586206896,['linear'],15,5,0.06
519,0.25,2999,3000,1.1744827586206896,['linear'],15,5,0.06
520,0.0,1584,3000,1.1744827586206896,['linear'],15,5,0.06
521,0.0,504,3000,1.1744827586206896,['linear'],15,5,0.06
522,0.0,1992,3000,1.1744827586206896,['linear'],15,5,0.06
523,0.25,2999,3000,1.1744827586206896,['linear'],15,5,0.06
524,0.0,1095,3000,1.1744827586206896,['linear'],15,5,0.06
525,0.125,2999,3000,1.1744827586206896,['linear'],15,5,0.06
526,0.0,335,3000,1.1744827586206896,['linear'],15,5,0.06
527,0.0,296,3000,1.1744827586206896,['linear'],15,5,0.06
528,0.0,213,3000,1.1744827586206896,['linear'],15,5,0.06
529,0.0,1273,3000,1.1744827586206896,['linear'],15,5,0.06
530,0.0,258,3000,1.1744827586206896,['linear'],15,5,0.06
531,0.0,863,3000,1.1744827586206896,['linear'],15,5,0.06
532,0.0,503,3000,1.1744827586206896,['linear'],15,5,0.06
533,0.0,167,3000,1.1744827586206896,['linear'],15,5,0.06
534,0.0,520,3000,1.1744827586206896,['linear'],15,5,0.06
535,0.0,161,3000,1.1744827586206896,['linear'],15,5,0.06
536,0.0,1440,3000,1.1744827586206896,['linear'],15,5,0.06
537,0.0,889,3000,1.1744827586206896,['linear'],15,5,0.06
538,0.0,353,3000,1.1744827586206896,['linear'],15,5,0.06
539,0.0,566,3000,1.1744827586206896,['linear'],15,5,0.06
540,0.0,780,3000,1.2432758620689655,['linear'],15,5,0.06
541,0.0,120,3000,1.2432758620689655,['linear'],15,5,0.06
542,0.0,688,3000,1.2432758620689655,['linear'],15,5,0.06
543,0.0,712,3000,1.2432758620689655,['linear'],15,5,0.06
544,0.0,1328,3000,1.2432758620689655,['linear'],15,5,0.06
545,0.0,128,3000,1.2432758620689655,['linear'],15,5,0.06
546,0.0,590,3000,1.2432758620689655,['linear'],15,5,0.06
547,0.0,1089,3000,1.2432758620689655,['linear'],15,5,0.06
548,0.0,611,3000,1.2432758620689655,['linear'],15,5,0.06
549,0.0,331,3000,1.2432758620689655,['linear'],15,5,0.06
550,0.0,2101,3000,1.2432758620689655,['linear'],15,5,0.06
551,0.0,499,3000,1.2432758620689655,['linear'],15,5,0.06
552,0.0,406,3000,1.2432758620689655,['linear'],15,5,0.06
553,0.0,2875,3000,1.2432758620689655,['linear'],15,5,0.06
554,0.0,379,3000,1.2432758620689655,['linear'],15,5,0.06
555,0.0,1241,3000,1.2432758620689655,['linear'],15,5,0.06
556,0.0,118,3000,1.2432758620689655,['linear'],15,5,0.06
557,0.0,462,3000,1.2432758620689655,['linear'],15,5,0.06
558,0.0,470,3000,1.2432758620689655,['linear'],15,5,0.06
559,0.0,774,3000,1.2432758620689655,['linear'],15,5,0.06
560,0.25,2999,3000,1.2432758620689655,['linear'],15,5,0.06
561,0.0,2723,3000,1.2432758620689655,['linear'],15,5,0.06
562,0.0,232,3000,1.2432758620689655,['linear'],15,5,0.06
563,0.0,410,3000,1.2432758620689655,['linear'],15,5,0.06
564,0.0,101,3000,1.2432758620689655,['linear'],15,5,0.06
565,0.125,2999,3000,1.2432758620689655,['linear'],15,5,0.06
566,0.0,81,3000,1.2432758620689655,['linear'],15,5,0.06
567,0.0,310,3000,1.2432758620689655,['linear'],15,5,0.06
568,0.0,1078,3000,1.2432758620689655,['linear'],15,5,0.06
569,0.0,696,3000,1.2432758620689655,['linear'],15,5,0.06
570,0.0,765,3000,1.3120689655172415,['linear'],15,5,0.06
571,0.0,1054,3000,1.3120689655172415,['linear'],15,5,0.06
572,0.0,479,3000,1.3120689655172415,['linear'],15,5,0.06
573,0.0,210,3000,1.3120689655172415,['linear'],15,5,0.06
574,0.0,376,3000,1.3120689655172415,['linear'],15,5,0.06
575,0.0,720,3000,1.3120689655172415,['linear'],15,5,0.06
576,0.0,366,3000,1.3120689655172415,['linear'],15,5,0.06
577,0.0,201,3000,1.3120689655172415,['linear'],15,5,0.06
578,0.0,515,3000,1.3120689655172415,['linear'],15,5,0.06
579,0.0,2002,3000,1.3120689655172415,['linear'],15,5,0.06
580,0.0,156,3000,1.3120689655172415,['linear'],15,5,0.06
581,0.25,2999,3000,1.3120689655172415,['linear'],15,5,0.06
582,0.0,508,3000,1.3120689655172415,['linear'],15,5,0.06
583,0.0,91,3000,1.3120689655172415,['linear'],15,5,0.06
584,0.0,229,3000,1.3120689655172415,['linear'],15,5,0.06
585,0.0,1541,3000,1.3120689655172415,['linear'],15,5,0.06
586,0.0,240,3000,1.3120689655172415,['linear'],15,5,0.06
587,0.0,136,3000,1.3120689655172415,['linear'],15,5,0.06
588,0.0,144,3000,1.3120689655172415,['linear'],15,5,0.06
589,0.0,681,3000,1.3120689655172415,['linear'],15,5,0.06
590,0.0,180,3000,1.3120689655172415,['linear'],15,5,0.06
591,0.0,619,3000,1.3120689655172415,['linear'],15,5,0.06
592,0.0,209,3000,1.3120689655172415,['linear'],15,5,0.06
593,0.0,1665,3000,1.3120689655172415,['linear'],15,5,0.06
594,0.0,258,3000,1.3120689655172415,['linear'],15,5,0.06
595,0.0,384,3000,1.3120689655172415,['linear'],15,5,0.06
596,0.0,179,3000,1.3120689655172415,['linear'],15,5,0.06
597,0.0,342,3000,1.3120689655172415,['linear'],15,5,0.06
598,0.0,508,3000,1.3120689655172415,['linear'],15,5,0.06
599,0.0,239,3000,1.3120689655172415,['linear'],15,5,0.06
600,0.0,428,3000,1.3808620689655173,['linear'],15,5,0.06
601,0.0,1035,3000,1.3808620689655173,['linear'],15,5,0.06
602,0.125,2999,3000,1.3808620689655173,['linear'],15,5,0.06
603,0.0,201,3000,1.3808620689655173,['linear'],15,5,0.06
604,0.0,376,3000,1.3808620689655173,['linear'],15,5,0.06
605,0.0,446,3000,1.3808620689655173,['linear'],15,5,0.06
606,0.0,159,3000,1.3808620689655173,['linear'],15,5,0.06
607,0.0,173,3000,1.3808620689655173,['linear'],15,5,0.06
608,0.0,683,3000,1.3808620689655173,['linear'],15,5,0.06
609,0.0,2781,3000,1.3808620689655173,['linear'],15,5,0.06
610,0.0,610,3000,1.3808620689655173,['linear'],15,5,0.06
611,0.0,1647,3000,1.3808620689655173,['linear'],15,5,0.06
612,0.0,1707,3000,1.3808620689655173,['linear'],15,5,0.06
613,0.0,152,3000,1.3808620689655173,['linear'],15,5,0.06
614,0.125,2999,3000,1.3808620689655173,['linear'],15,5,0.06
615,0.0,272,3000,1.3808620689655173,['linear'],15,5,0.06
616,0.0,692,3000,1.3808620689655173,['linear'],15,5,0.06
617,0.0,2464,3000,1.3808620689655173,['linear'],15,5,0.06
618,0.0,228,3000,1.3808620689655173,['linear'],15,5,0.06
619,0.0,1648,3000,1.3808620689655173,['linear'],15,5,0.06
620,0.0,197,3000,1.3808620689655173,['linear'],15,5,0.06
621,0.0,1417,3000,1.3808620689655173,['linear'],15,5,0.06
622,0.0,709,3000,1.3808620689655173,['linear'],15,5,0.06
623,0.0,469,3000,1.3808620689655173,['linear'],15,5,0.06
624,0.0,1140,3000,1.3808620689655173,['linear'],15,5,0.06
625,0.0,257,3000,1.3808620689655173,['linear'],15,5,0.06
626,0.0,94,3000,1.3808620689655173,['linear'],15,5,0.06
627,0.0,789,3000,1.3808620689655173,['linear'],15,5,0.06
628,0.0,210,3000,1.3808620689655173,['linear'],15,5,0.06
629,0.0,1533,3000,1.3808620689655173,['linear'],15,5,0.06
630,0.0,581,3000,1.4496551724137932,['linear'],15,5,0.06
631,0.0,499,3000,1.4496551724137932,['linear'],15,5,0.06
632,0.0,867,3000,1.4496551724137932,['linear'],15,5,0.06
633,0.125,2999,3000,1.4496551724137932,['linear'],15,5,0.06
634,0.0,2788,3000,1.4496551724137932,['linear'],15,5,0.06
635,0.0,1620,3000,1.4496551724137932,['linear'],15,5,0.06
636,0.0,1055,3000,1.4496551724137932,['linear'],15,5,0.06
637,0.0,2502,3000,1.4496551724137932,['linear'],15,5,0.06
638,0.0,1117,3000,1.4496551724137932,['linear'],15,5,0.06
639,0.0,357,3000,1.4496551724137932,['linear'],15,5,0.06
640,0.0,894,3000,1.4496551724137932,['linear'],15,5,0.06
641,0.0,571,3000,1.4496551724137932,['linear'],15,5,0.06
642,0.0,191,3000,1.4496551724137932,['linear'],15,5,0.06
643,0.0,504,3000,1.4496551724137932,['linear'],15,5,0.06
644,0.0,2574,3000,1.4496551724137932,['linear'],15,5,0.06
645,0.0,1018,3000,1.4496551724137932,['linear'],15,5,0.06
646,0.0,762,3000,1.4496551724137932,['linear'],15,5,0.06
647,0.0,452,3000,1.4496551724137932,['linear'],15,5,0.06
648,0.0,1532,3000,1.4496551724137932,['linear'],15,5,0.06
649,0.0,1367,3000,1.4496551724137932,['linear'],15,5,0.06
650,0.0,1577,3000,1.4496551724137932,['linear'],15,5,0.06
651,0.0,141,3000,1.4496551724137932,['linear'],15,5,0.06
652,0.0,1460,3000,1.4496551724137932,['linear'],15,5,0.06
653,0.0,561,3000,1.4496551724137932,['linear'],15,5,0.06
654,0.0,56,3000,1.4496551724137932,['linear'],15,5,0.06
655,0.0,476,3000,1.4496551724137932,['linear'],15,5,0.06
656,0.0,2702,3000,1.4496551724137932,['linear'],15,5,0.06
657,0.0,1662,3000,1.4496551724137932,['linear'],15,5,0.06
658,0.0,177,3000,1.4496551724137932,['linear'],15,5,0.06
659,0.0,423,3000,1.4496551724137932,['linear'],15,5,0.06
660,0.0,186,3000,1.518448275862069,['linear'],15,5,0.06
661,0.0,108,3000,1.518448275862069,['linear'],15,5,0.06
662,0.0,277,3000,1.518448275862069,['linear'],15,5,0.06
663,0.0,220,3000,1.518448275862069,['linear'],15,5,0.06
664,0.0,212,3000,1.518448275862069,['linear'],15,5,0.06
665,0.0,603,3000,1.518448275862069,['linear'],15,5,0.06
666,0.0,719,3000,1.518448275862069,['linear'],15,5,0.06
667,0.0,295,3000,1.518448275862069,['linear'],15,5,0.06
668,0.0,1771,3000,1.518448275862069,['linear'],15,5,0.06
669,0.0,209,3000,1.518448275862069,['linear'],15,5,0.06
670,0.0,1337,3000,1.518448275862069,['linear'],15,5,0.06
671,0.0,252,3000,1.518448275862069,['linear'],15,5,0.06
672,0.0,712,3000,1.518448275862069,['linear'],15,5,0.06
673,0.0,266,3000,1.518448275862069,['linear'],15,5,0.06
674,0.0,853,3000,1.518448275862069,['linear'],15,5,0.06
675,0.0,412,3000,1.518448275862069,['linear'],15,5,0.06
676,0.0,61,3000,1.518448275862069,['linear'],15,5,0.06
677,0.0,1046,3000,1.518448275862069,['linear'],15,5,0.06
678,0.0,2222,3000,1.518448275862069,['linear'],15,5,0.06
679,0.0,313,3000,1.518448275862069,['linear'],15,5,0.06
680,0.0,437,3000,1.518448275862069,['linear'],15,5,0.06
681,0.0,401,3000,1.518448275862069,['linear'],15,5,0.06
682,0.0,836,3000,1.518448275862069,['linear'],15,5,0.06
683,0.0,1844,3000,1.518448275862069,['linear'],15,5,0.06
684,0.0,2015,3000,1.518448275862069,['linear'],15,5,0.06
685,0.0,1708,3000,1.518448275862069,['linear'],15,5,0.06
686,0.0,121,3000,1.518448275862069,['linear'],15,5,0.06
687,0.0,186,3000,1.518448275862069,['linear'],15,5,0.06
688,0.0,105,3000,1.518448275862069,['linear'],15,5,0.06
689,0.125,2999,3000,1.518448275862069,['linear'],15,5,0.06
690,0.0,1633,3000,1.5872413793103448,['linear'],15,5,0.06
691,0.0,189,3000,1.5872413793103448,['linear'],15,5,0.06
692,0.0,272,3000,1.5872413793103448,['linear'],15,5,0.06
693,0.0,246,3000,1.5872413793103448,['linear'],15,5,0.06
694,0.0,515,3000,1.5872413793103448,['linear'],15,5,0.06
695,0.0,1394,3000,1.5872413793103448,['linear'],15,5,0.06
696,0.0,871,3000,1.5872413793103448,['linear'],15,5,0.06
697,0.0,195,3000,1.5872413793103448,['linear'],15,5,0.06
698,0.0,479,3000,1.5872413793103448,['linear'],15,5,0.06
699,0.0,464,3000,1.5872413793103448,['linear'],15,5,0.06
700,0.0,633,3000,1.5872413793103448,['linear'],15,5,0.06
701,0.25,2999,3000,1.5872413793103448,['linear'],15,5,0.06
702,0.0,131,3000,1.5872413793103448,['linear'],15,5,0.06
703,0.0,699,3000,1.5872413793103448,['linear'],15,5,0.06
704,0.0,1375,3000,1.5872413793103448,['linear'],15,5,0.06
705,0.0,106,3000,1.5872413793103448,['linear'],15,5,0.06
706,0.0,401,3000,1.5872413793103448,['linear'],15,5,0.06
707,0.0,603,3000,1.5872413793103448,['linear'],15,5,0.06
708,0.0,1520,3000,1.5872413793103448,['linear'],15,5,0.06
709,0.0,428,3000,1.5872413793103448,['linear'],15,5,0.06
710,0.0,219,3000,1.5872413793103448,['linear'],15,5,0.06
711,0.0,635,3000,1.5872413793103448,['linear'],15,5,0.06
712,0.0,227,3000,1.5872413793103448,['linear'],15,5,0.06
713,0.0,86,3000,1.5872413793103448,['linear'],15,5,0.06
714,0.0,147,3000,1.5872413793103448,['linear'],15,5,0.06
715,0.0,336,3000,1.5872413793103448,['linear'],15,5,0.06
716,0.0,1544,3000,1.5872413793103448,['linear'],15,5,0.06
717,0.0,476,3000,1.5872413793103448,['linear'],15,5,0.06
718,0.0,370,3000,1.5872413793103448,['linear'],15,5,0.06
719,0.0,425,3000,1.5872413793103448,['linear'],15,5,0.06
720,0.0,2737,3000,1.6560344827586206,['linear'],15,5,0.06
721,0.0,209,3000,1.6560344827586206,['linear'],15,5,0.06
722,0.0,322,3000,1.6560344827586206,['linear'],15,5,0.06
723,0.0,1900,3000,1.6560344827586206,['linear'],15,5,0.06
724,0.0,2637,3000,1.6560344827586206,['linear'],15,5,0.06
725,0.0,339,3000,1.6560344827586206,['linear'],15,5,0.06
726,0.0,658,3000,1.6560344827586206,['linear'],15,5,0.06
727,0.0,347,3000,1.6560344827586206,['linear'],15,5,0.06
728,0.0,333,3000,1.6560344827586206,['linear'],15,5,0.06
729,0.0,387,3000,1.6560344827586206,['linear'],15,5,0.06
730,0.0,1682,3000,1.6560344827586206,['linear'],15,5,0.06
731,0.0,157,3000,1.6560344827586206,['linear'],15,5,0.06
732,0.0,1527,3000,1.6560344827586206,['linear'],15,5,0.06
733,0.0,230,3000,1.6560344827586206,['linear'],15,5,0.06
734,0.0,271,3000,1.6560344827586206,['linear'],15,5,0.06
735,0.0,290,3000,1.6560344827586206,['linear'],15,5,0.06
736,0.0,747,3000,1.6560344827586206,['linear'],15,5,0.06
737,0.0,1344,3000,1.6560344827586206,['linear'],15,5,0.06
738,0.125,2999,3000,1.6560344827586206,['linear'],15,5,0.06
739,0.0,201,3000,1.6560344827586206,['linear'],15,5,0.06
740,0.0,239,3000,1.6560344827586206,['linear'],15,5,0.06
741,0.0,415,3000,1.6560344827586206,['linear'],15,5,0.06
742,0.0,574,3000,1.6560344827586206,['linear'],15,5,0.06
743,0.0,246,3000,1.6560344827586206,['linear'],15,5,0.06
744,0.0,2530,3000,1.6560344827586206,['linear'],15,5,0.06
745,0.0,195,3000,1.6560344827586206,['linear'],15,5,0.06
746,0.0,481,3000,1.6560344827586206,['linear'],15,5,0.06
747,0.0,587,3000,1.6560344827586206,['linear'],15,5,0.06
748,0.0,1860,3000,1.6560344827586206,['linear'],15,5,0.06
749,0.0,414,3000,1.6560344827586206,['linear'],15,5,0.06
750,0.0,270,3000,1.7248275862068967,['linear'],15,5,0.06
751,0.0,2625,3000,1.7248275862068967,['linear'],15,5,0.06
752,0.0,1211,3000,1.7248275862068967,['linear'],15,5,0.06
753,0.0,444,3000,1.7248275862068967,['linear'],15,5,0.06
754,0.0,474,3000,1.7248275862068967,['linear'],15,5,0.06
755,0.0,2054,3000,1.7248275862068967,['linear'],15,5,0.06
756,0.0,996,3000,1.7248275862068967,['linear'],15,5,0.06
757,0.0,608,3000,1.7248275862068967,['linear'],15,5,0.06
758,0.0,235,3000,1.7248275862068967,['linear'],15,5,0.06
759,0.0,1688,3000,1.7248275862068967,['linear'],15,5,0.06
760,0.0,809,3000,1.7248275862068967,['linear'],15,5,0.06
761,0.0,2122,3000,1.7248275862068967,['linear'],15,5,0.06
762,0.0,808,3000,1.7248275862068967,['linear'],15,5,0.06
763,0.0,1170,3000,1.7248275862068967,['linear'],15,5,0.06
764,0.0,843,3000,1.7248275862068967,['linear'],15,5,0.06
765,0.0,214,3000,1.7248275862068967,['linear'],15,5,0.06
766,0.0,545,3000,1.7248275862068967,['linear'],15,5,0.06
767,0.0,626,3000,1.7248275862068967,['linear'],15,5,0.06
768,0.0,956,3000,1.7248275862068967,['linear'],15,5,0.06
769,0.0,469,3000,1.7248275862068967,['linear'],15,5,0.06
770,0.0,298,3000,1.7248275862068967,['linear'],15,5,0.06
771,0.0,2937,3000,1.7248275862068967,['linear'],15,5,0.06
772,0.0,759,3000,1.7248275862068967,['linear'],15,5,0.06
773,0.0,551,3000,1.7248275862068967,['linear'],15,5,0.06
774,0.0,563,3000,1.7248275862068967,['linear'],15,5,0.06
775,0.0,2850,3000,1.7248275862068967,['linear'],15,5,0.06
776,0.0,72,3000,1.7248275862068967,['linear'],15,5,0.06
777,0.0,1117,3000,1.7248275862068967,['linear'],15,5,0.06
778,0.0,160,3000,1.7248275862068967,['linear'],15,5,0.06
779,0.0,2792,3000,1.7248275862068967,['linear'],15,5,0.06
780,0.0,2017,3000,1.7936206896551725,['linear'],15,5,0.06
781,0.0,372,3000,1.7936206896551725,['linear'],15,5,0.06
782,0.0,1085,3000,1.7936206896551725,['linear'],15,5,0.06
783,0.0,364,3000,1.7936206896551725,['linear'],15,5,0.06
784,0.0,340,3000,1.7936206896551725,['linear'],15,5,0.06
785,0.0,1577,3000,1.7936206896551725,['linear'],15,5,0.06
786,0.0,688,3000,1.7936206896551725,['linear'],15,5,0.06
787,0.0,178,3000,1.7936206896551725,['linear'],15,5,0.06
788,0.0,316,3000,1.7936206896551725,['linear'],15,5,0.06
789,0.0,641,3000,1.7936206896551725,['linear'],15,5,0.06
790,0.125,2999,3000,1.7936206896551725,['linear'],15,5,0.06
791,0.0,360,3000,1.7936206896551725,['linear'],15,5,0.06
792,0.0,423,3000,1.7936206896551725,['linear'],15,5,0.06
793,0.0,2611,3000,1.7936206896551725,['linear'],15,5,0.06
794,0.0,662,3000,1.7936206896551725,['linear'],15,5,0.06
795,0.0,888,3000,1.7936206896551725,['linear'],15,5,0.06
796,0.0,520,3000,1.7936206896551725,['linear'],15,5,0.06
797,0.0,373,3000,1.7936206896551725,['linear'],15,5,0.06
798,0.0,154,3000,1.7936206896551725,['linear'],15,5,0.06
799,0.0,1109,3000,1.7936206896551725,['linear'],15,5,0.06
800,0.0,1538,3000,1.7936206896551725,['linear'],15,5,0.06
801,0.0,466,3000,1.7936206896551725,['linear'],15,5,0.06
802,0.0,499,3000,1.7936206896551725,['linear'],15,5,0.06
803,0.0,1438,3000,1.7936206896551725,['linear'],15,5,0.06
804,0.0,702,3000,1.7936206896551725,['linear'],15,5,0.06
805,0.0,294,3000,1.7936206896551725,['linear'],15,5,0.06
806,0.25,2999,3000,1.7936206896551725,['linear'],15,5,0.06
807,0.0,658,3000,1.7936206896551725,['linear'],15,5,0.06
808,0.0,2264,3000,1.7936206896551725,['linear'],15,5,0.06
809,0.0,443,3000,1.7936206896551725,['linear'],15,5,0.06
810,0.0,1857,3000,1.8624137931034483,['linear'],15,5,0.06
811,0.0,205,3000,1.8624137931034483,['linear'],15,5,0.06
812,0.0,1402,3000,1.8624137931034483,['linear'],15,5,0.06
813,0.0,295,3000,1.8624137931034483,['linear'],15,5,0.06
814,0.0,620,3000,1.8624137931034483,['linear'],15,5,0.06
815,0.0,815,3000,1.8624137931034483,['linear'],15,5,0.06
816,0.0,309,3000,1.8624137931034483,['linear'],15,5,0.06
817,0.0,1440,3000,1.8624137931034483,['linear'],15,5,0.06
818,0.0,379,3000,1.8624137931034483,['linear'],15,5,0.06
819,0.0,426,3000,1.8624137931034483,['linear'],15,5,0.06
820,0.0,215,3000,1.8624137931034483,['linear'],15,5,0.06
821,0.0,822,3000,1.8624137931034483,['linear'],15,5,0.06
822,0.0,113,3000,1.8624137931034483,['linear'],15,5,0.06
823,0.125,2999,3000,1.8624137931034483,['linear'],15,5,0.06
824,0.0,681,3000,1.8624137931034483,['linear'],15,5,0.06
825,0.0,213,3000,1.8624137931034483,['linear'],15,5,0.06
826,0.0,311,3000,1.8624137931034483,['linear'],15,5,0.06
827,0.0,421,3000,1.8624137931034483,['linear'],15,5,0.06
828,0.0,581,3000,1.8624137931034483,['linear'],15,5,0.06
829,0.0,466,3000,1.8624137931034483,['linear'],15,5,0.06
830,0.0,242,3000,1.8624137931034483,['linear'],15,5,0.06
831,0.0,257,3000,1.8624137931034483,['linear'],15,5,0.06
832,0.0,2129,3000,1.8624137931034483,['linear'],15,5,0.06
833,0.0,216,3000,1.8624137931034483,['linear'],15,5,0.06
834,0.0,1789,3000,1.8624137931034483,['linear'],15,5,0.06
835,0.0,1160,3000,1.8624137931034483,['linear'],15,5,0.06
836,0.0,1047,3000,1.8624137931034483,['linear'],15,5,0.06
837,0.0,1084,3000,1.8624137931034483,['linear'],15,5,0.06
838,0.0,74,3000,1.8624137931034483,['linear'],15,5,0.06
839,0.0,358,3000,1.8624137931034483,['linear'],15,5,0.06
840,0.0,931,3000,1.9312068965517242,['linear'],15,5,0.06
841,0.0,536,3000,1.9312068965517242,['linear'],15,5,0.06
842,0.0,392,3000,1.9312068965517242,['linear'],15,5,0.06
843,0.0,970,3000,1.9312068965517242,['linear'],15,5,0.06
844,0.0,2120,3000,1.9312068965517242,['linear'],15,5,0.06
845,0.0,758,3000,1.9312068965517242,['linear'],15,5,0.06
846,0.0,869,3000,1.9312068965517242,['linear'],15,5,0.06
847,0.0,282,3000,1.9312068965517242,['linear'],15,5,0.06
848,0.0,161,3000,1.9312068965517242,['linear'],15,5,0.06
849,0.0,575,3000,1.9312068965517242,['linear'],15,5,0.06
850,0.0,191,3000,1.9312068965517242,['linear'],15,5,0.06
851,0.0,497,3000,1.9312068965517242,['linear'],15,5,0.06
852,0.0,2125,3000,1.9312068965517242,['linear'],15,5,0.06
853,0.0,244,3000,1.9312068965517242,['linear'],15,5,0.06
854,0.0,175,3000,1.9312068965517242,['linear'],15,5,0.06
855,0.0,657,3000,1.9312068965517242,['linear'],15,5,0.06
856,0.0,185,3000,1.9312068965517242,['linear'],15,5,0.06
857,0.0,477,3000,1.9312068965517242,['linear'],15,5,0.06
858,0.0,2079,3000,1.9312068965517242,['linear'],15,5,0.06
859,0.0,290,3000,1.9312068965517242,['linear'],15,5,0.06
860,0.0,2842,3000,1.9312068965517242,['linear'],15,5,0.06
861,0.0,239,3000,1.9312068965517242,['linear'],15,5,0.06
862,0.0,303,3000,1.9312068965517242,['linear'],15,5,0.06
863,0.0,240,3000,1.9312068965517242,['linear'],15,5,0.06
864,0.0,423,3000,1.9312068965517242,['linear'],15,5,0.06
865,0.25,2999,3000,1.9312068965517242,['linear'],15,5,0.06
866,0.0,1801,3000,1.9312068965517242,['linear'],15,5,0.06
867,0.0,788,3000,1.9312068965517242,['linear'],15,5,0.06
868,0.0,877,3000,1.9312068965517242,['linear'],15,5,0.06
869,0.0,296,3000,1.9312068965517242,['linear'],15,5,0.06
870,0.0,1540,3000,2.0,['linear'],15,5,0.06
871,0.0,1919,3000,2.0,['linear'],15,5,0.06
872,0.0,538,3000,2.0,['linear'],15,5,0.06
873,0.0,313,3000,2.0,['linear'],15,5,0.06
874,0.0,530,3000,2.0,['linear'],15,5,0.06
875,0.0,1637,3000,2.0,['linear'],15,5,0.06
876,0.0,578,3000,2.0,['linear'],15,5,0.06
877,0.0,768,3000,2.0,['linear'],15,5,0.06
878,0.0,299,3000,2.0,['linear'],15,5,0.06
879,0.0,273,3000,2.0,['linear'],15,5,0.06
880,0.0,1570,3000,2.0,['linear'],15,5,0.06
881,0.0,966,3000,2.0,['linear'],15,5,0.06
882,0.0,461,3000,2.0,['linear'],15,5,0.06
883,0.0,242,3000,2.0,['linear'],15,5,0.06
884,0.0,135,3000,2.0,['linear'],15,5,0.06
885,0.0,594,3000,2.0,['linear'],15,5,0.06
886,0.0,1739,3000,2.0,['linear'],15,5,0.06
887,0.0,206,3000,2.0,['linear'],15,5,0.06
888,0.0,519,3000,2.0,['linear'],15,5,0.06
889,0.0,197,3000,2.0,['linear'],15,5,0.06
890,0.0,2478,3000,2.0,['linear'],15,5,0.06
891,0.0,371,3000,2.0,['linear'],15,5,0.06
892,0.0,287,3000,2.0,['linear'],15,5,0.06
893,0.0,129,3000,2.0,['linear'],15,5,0.06
894,0.0,1162,3000,2.0,['linear'],15,5,0.06
895,0.0,157,3000,2.0,['linear'],15,5,0.06
896,0.0,235,3000,2.0,['linear'],15,5,0.06
897,0.0,1137,3000,2.0,['linear'],15,5,0.06
898,0.0,2219,3000,2.0,['linear'],15,5,0.06
899,0.0,267,3000,2.0,['linear'],15,5,0.06
