,potential,iteration,max_steps,switch_step,annealing_scheme,net_size,num_copies,pdb_mutation,pt_copies,pt_scheme,temperatures
0,0.0,2284,5000,1,['const'],15,5,0.06,7,"['gaussian', 1]","[0.1, 1.1, 2.1, 3.1, 4.1000000000000005, 5.1000000000000005, 6.1000000000000005]"
1,0.5,5000,5000,1,['const'],15,5,0.06,7,"['gaussian', 1]","[0.1, 1.1, 2.1, 3.1, 4.1000000000000005, 5.1000000000000005, 6.1000000000000005]"
2,0.5,5000,5000,1,['const'],15,5,0.06,7,"['gaussian', 1]","[0.1, 1.1, 2.1, 3.1, 4.1000000000000005, 5.1000000000000005, 6.1000000000000005]"
3,0.0,379,5000,1,['const'],15,5,0.06,7,"['gaussian', 1]","[0.1, 1.1, 2.1, 3.1, 4.1000000000000005, 5.1000000000000005, 6.1000000000000005]"
4,0.0,2397,5000,1,['const'],15,5,0.06,7,"['gaussian', 1]","[0.1, 1.1, 2.1, 3.1, 4.1000000000000005, 5.1000000000000005, 6.1000000000000005]"
5,0.4375,5000,5000,1,['const'],15,5,0.06,7,"['gaussian', 1]","[0.1, 1.1, 2.1, 3.1, 4.1000000000000005, 5.1000000000000005, 6.1000000000000005]"
6,0.5,5000,5000,1,['const'],15,5,0.06,7,"['gaussian', 1]","[0.1, 1.1, 2.1, 3.1, 4.1000000000000005, 5.1000000000000005, 6.1000000000000005]"
7,0.4375,5000,5000,1,['const'],15,5,0.06,7,"['gaussian', 1]","[0.1, 1.1, 2.1, 3.1, 4.1000000000000005, 5.1000000000000005, 6.1000000000000005]"
8,0.5,5000,5000,1,['const'],15,5,0.06,7,"['gaussian', 1]","[0.1, 1.1, 2.1, 3.1, 4.1000000000000005, 5.1000000000000005, 6.1000000000000005]"
9,0.4375,5000,5000,1,['const'],15,5,0.06,7,"['gaussian', 1]","[0.1, 1.1, 2.1, 3.1, 4.1000000000000005, 5.1000000000000005, 6.1000000000000005]"
10,0.5,5000,5000,1,['const'],15,5,0.06,7,"['gaussian', 1]","[0.1, 1.1, 2.1, 3.1, 4.1000000000000005, 5.1000000000000005, 6.1000000000000005]"
11,0.46875,5000,5000,1,['const'],15,5,0.06,7,"['gaussian', 1]","[0.1, 1.1, 2.1, 3.1, 4.1000000000000005, 5.1000000000000005, 6.1000000000000005]"
12,0.0,120,5000,1,['const'],15,5,0.06,7,"['gaussian', 1]","[0.1, 1.1, 2.1, 3.1, 4.1000000000000005, 5.1000000000000005, 6.1000000000000005]"
13,0.5,5000,5000,1,['const'],15,5,0.06,7,"['gaussian', 1]","[0.1, 1.1, 2.1, 3.1, 4.1000000000000005, 5.1000000000000005, 6.1000000000000005]"
14,0.0,4898,5000,1,['const'],15,5,0.06,7,"['gaussian', 1]","[0.1, 1.1, 2.1, 3.1, 4.1000000000000005, 5.1000000000000005, 6.1000000000000005]"
15,0.5,5000,5000,1,['const'],15,5,0.06,7,"['gaussian', 1]","[0.1, 1.1, 2.1, 3.1, 4.1000000000000005, 5.1000000000000005, 6.1000000000000005]"
16,0.5,5000,5000,1,['const'],15,5,0.06,7,"['gaussian', 1]","[0.1, 1.1, 2.1, 3.1, 4.1000000000000005, 5.1000000000000005, 6.1000000000000005]"
17,0.46875,5000,5000,1,['const'],15,5,0.06,7,"['gaussian', 1]","[0.1, 1.1, 2.1, 3.1, 4.1000000000000005, 5.1000000000000005, 6.1000000000000005]"
18,0.5,5000,5000,1,['const'],15,5,0.06,7,"['gaussian', 1]","[0.1, 1.1, 2.1, 3.1, 4.1000000000000005, 5.1000000000000005, 6.1000000000000005]"
19,0.0,1528,5000,1,['const'],15,5,0.06,7,"['gaussian', 1]","[0.1, 1.1, 2.1, 3.1, 4.1000000000000005, 5.1000000000000005, 6.1000000000000005]"
20,0.5,5000,5000,1,['const'],15,5,0.06,7,"['gaussian', 1]","[0.1, 1.1, 2.1, 3.1, 4.1000000000000005, 5.1000000000000005, 6.1000000000000005]"
21,0.0,1831,5000,1,['const'],15,5,0.06,7,"['gaussian', 1]","[0.1, 1.1, 2.1, 3.1, 4.1000000000000005, 5.1000000000000005, 6.1000000000000005]"
22,0.4375,5000,5000,1,['const'],15,5,0.06,7,"['gaussian', 1]","[0.1, 1.1, 2.1, 3.1, 4.1000000000000005, 5.1000000000000005, 6.1000000000000005]"
23,0.5,5000,5000,1,['const'],15,5,0.06,7,"['gaussian', 1]","[0.1, 1.1, 2.1, 3.1, 4.1000000000000005, 5.1000000000000005, 6.1000000000000005]"
24,0.5,5000,5000,1,['const'],15,5,0.06,7,"['gaussian', 1]","[0.1, 1.1, 2.1, 3.1, 4.1000000000000005, 5.1000000000000005, 6.1000000000000005]"
25,0.0,1755,5000,1,['const'],15,5,0.06,7,"['gaussian', 1]","[0.1, 1.1, 2.1, 3.1, 4.1000000000000005, 5.1000000000000005, 6.1000000000000005]"
26,0.0,832,5000,1,['const'],15,5,0.06,7,"['gaussian', 1]","[0.1, 1.1, 2.1, 3.1, 4.1000000000000005, 5.1000000000000005, 6.1000000000000005]"
27,0.4375,5000,5000,1,['const'],15,5,0.06,7,"['gaussian', 1]","[0.1, 1.1, 2.1, 3.1, 4.1000000000000005, 5.1000000000000005, 6.1000000000000005]"
28,0.0,2991,5000,1,['const'],15,5,0.06,7,"['gaussian', 1]","[0.1, 1.1, 2.1, 3.1, 4.1000000000000005, 5.1000000000000005, 6.1000000000000005]"
29,0.5,5000,5000,1,['const'],15,5,0.06,7,"['gaussian', 1]","[0.1, 1.1, 2.1, 3.1, 4.1000000000000005, 5.1000000000000005, 6.1000000000000005]"
30,0.46875,4998,5000,6,['const'],15,5,0.06,7,"['gaussian', 1]","[0.1, 1.1, 2.1, 3.1, 4.1000000000000005, 5.1000000000000005, 6.1000000000000005]"
31,0.0,965,5000,6,['const'],15,5,0.06,7,"['gaussian', 1]","[0.1, 1.1, 2.1, 3.1, 4.1000000000000005, 5.1000000000000005, 6.1000000000000005]"
32,0.5,4998,5000,6,['const'],15,5,0.06,7,"['gaussian', 1]","[0.1, 1.1, 2.1, 3.1, 4.1000000000000005, 5.1000000000000005, 6.1000000000000005]"
33,0.5,4998,5000,6,['const'],15,5,0.06,7,"['gaussian', 1]","[0.1, 1.1, 2.1, 3.1, 4.1000000000000005, 5.1000000000000005, 6.1000000000000005]"
34,0.4375,4998,5000,6,['const'],15,5,0.06,7,"['gaussian', 1]","[0.1, 1.1, 2.1, 3.1, 4.1000000000000005, 5.1000000000000005, 6.1000000000000005]"
35,0.0,1362,5000,6,['const'],15,5,0.06,7,"['gaussian', 1]","[0.1, 1.1, 2.1, 3.1, 4.1000000000000005, 5.1000000000000005, 6.1000000000000005]"
36,0.0,242,5000,6,['const'],15,5,0.06,7,"['gaussian', 1]","[0.1, 1.1, 2.1, 3.1, 4.1000000000000005, 5.1000000000000005, 6.1000000000000005]"
37,0.5,4998,5000,6,['const'],15,5,0.06,7,"['gaussian', 1]","[0.1, 1.1, 2.1, 3.1, 4.1000000000000005, 5.1000000000000005, 6.1000000000000005]"
38,0.5,4998,5000,6,['const'],15,5,0.06,7,"['gaussian', 1]","[0.1, 1.1, 2.1, 3.1, 4.1000000000000005, 5.1000000000000005, 6.1000000000000005]"
39,0.0,3201,5000,6,['const'],15,5,0.06,7,"['gaussian', 1]","[0.1, 1.1, 2.1, 3.1, 4.1000000000000005, 5.1000000000000005, 6.1000000000000005]"
40,0.0,4223,5000,6,['const'],15,5,0.06,7,"['gaussian', 1]","[0.1, 1.1, 2.1, 3.1, 4.1000000000000005, 5.1000000000000005, 6.1000000000000005]"
41,0.0,3772,5000,6,['const'],15,5,0.06,7,"['gaussian', 1]","[0.1, 1.1, 2.1, 3.1, 4.1000000000000005, 5.1000000000000005, 6.1000000000000005]"
42,0.5,4998,5000,6,['const'],15,5,0.06,7,"['gaussian', 1]","[0.1, 1.1, 2.1, 3.1, 4.1000000000000005, 5.1000000000000005, 6.1000000000000005]"
43,0.4375,4998,5000,6,['const'],15,5,0.06,7,"['gaussian', 1]","[0.1, 1.1, 2.1, 3.1, 4.1000000000000005, 5.1000000000000005, 6.1000000000000005]"
44,0.0,4018,5000,6,['const'],15,5,0.06,7,"['gaussian', 1]","[0.1, 1.1, 2.1, 3.1, 4.1000000000000005, 5.1000000000000005, 6.1000000000000005]"
45,0.46875,4998,5000,6,['const'],15,5,0.06,7,"['gaussian', 1]","[0.1, 1.1, 2.1, 3.1, 4.1000000000000005, 5.1000000000000005, 6.1000000000000005]"
46,0.0,553,5000,6,['const'],15,5,0.06,7,"['gaussian', 1]","[0.1, 1.1, 2.1, 3.1, 4.1000000000000005, 5.1000000000000005, 6.1000000000000005]"
47,0.4375,4998,5000,6,['const'],15,5,0.06,7,"['gaussian', 1]","[0.1, 1.1, 2.1, 3.1, 4.1000000000000005, 5.1000000000000005, 6.1000000000000005]"
48,0.5,4998,5000,6,['const'],15,5,0.06,7,"['gaussian', 1]","[0.1, 1.1, 2.1, 3.1, 4.1000000000000005, 5.1000000000000005, 6.1000000000000005]"
49,0.5,4998,5000,6,['const'],15,5,0.06,7,"['gaussian', 1]","[0.1, 1.1, 2.1, 3.1, 4.1000000000000005, 5.1000000000000005, 6.1000000000000005]"
50,0.0,4787,5000,6,['const'],15,5,0.06,7,"['gaussian', 1]","[0.1, 1.1, 2.1, 3.1, 4.1000000000000005, 5.1000000000000005, 6.1000000000000005]"
51,0.5,4998,5000,6,['const'],15,5,0.06,7,"['gaussian', 1]","[0.1, 1.1, 2.1, 3.1, 4.1000000000000005, 5.1000000000000005, 6.1000000000000005]"
52,0.0,2873,5000,6,['const'],15,5,0.06,7,"['gaussian', 1]","[0.1, 1.1, 2.1, 3.1, 4.1000000000000005, 5.1000000000000005, 6.1000000000000005]"
53,0.0,4279,5000,6,['const'],15,5,0.06,7,"['gaussian', 1]","[0.1, 1.1, 2.1, 3.1, 4.1000000000000005, 5.1000000000000005, 6.1000000000000005]"
54,0.5,4998,5000,6,['const'],15,5,0.06,7,"['gaussian', 1]","[0.1, 1.1, 2.1, 3.1, 4.1000000000000005, 5.1000000000000005, 6.1000000000000005]"
55,0.0,2078,5000,6,['const'],15,5,0.06,7,"['gaussian', 1]","[0.1, 1.1, 2.1, 3.1, 4.1000000000000005, 5.1000000000000005, 6.1000000000000005]"
56,0.46875,4998,5000,6,['const'],15,5,0.06,7,"['gaussian', 1]","[0.1, 1.1, 2.1, 3.1, 4.1000000000000005, 5.1000000000000005, 6.1000000000000005]"
57,0.0,2867,5000,6,['const'],15,5,0.06,7,"['gaussian', 1]","[0.1, 1.1, 2.1, 3.1, 4.1000000000000005, 5.1000000000000005, 6.1000000000000005]"
58,0.5,4998,5000,6,['const'],15,5,0.06,7,"['gaussian', 1]","[0.1, 1.1, 2.1, 3.1, 4.1000000000000005, 5.1000000000000005, 6.1000000000000005]"
59,0.46875,4998,5000,6,['const'],15,5,0.06,7,"['gaussian', 1]","[0.1, 1.1, 2.1, 3.1, 4.1000000000000005, 5.1000000000000005, 6.1000000000000005]"
60,0.0,3417,5000,11,['const'],15,5,0.06,7,"['gaussian', 1]","[0.1, 1.1, 2.1, 3.1, 4.1000000000000005, 5.1000000000000005, 6.1000000000000005]"
61,0.0,3270,5000,11,['const'],15,5,0.06,7,"['gaussian', 1]","[0.1, 1.1, 2.1, 3.1, 4.1000000000000005, 5.1000000000000005, 6.1000000000000005]"
62,0.5,4994,5000,11,['const'],15,5,0.06,7,"['gaussian', 1]","[0.1, 1.1, 2.1, 3.1, 4.1000000000000005, 5.1000000000000005, 6.1000000000000005]"
63,0.0,3112,5000,11,['const'],15,5,0.06,7,"['gaussian', 1]","[0.1, 1.1, 2.1, 3.1, 4.1000000000000005, 5.1000000000000005, 6.1000000000000005]"
64,0.0,2291,5000,11,['const'],15,5,0.06,7,"['gaussian', 1]","[0.1, 1.1, 2.1, 3.1, 4.1000000000000005, 5.1000000000000005, 6.1000000000000005]"
65,0.5,4994,5000,11,['const'],15,5,0.06,7,"['gaussian', 1]","[0.1, 1.1, 2.1, 3.1, 4.1000000000000005, 5.1000000000000005, 6.1000000000000005]"
66,0.5,4994,5000,11,['const'],15,5,0.06,7,"['gaussian', 1]","[0.1, 1.1, 2.1, 3.1, 4.1000000000000005, 5.1000000000000005, 6.1000000000000005]"
67,0.0,2317,5000,11,['const'],15,5,0.06,7,"['gaussian', 1]","[0.1, 1.1, 2.1, 3.1, 4.1000000000000005, 5.1000000000000005, 6.1000000000000005]"
68,0.5,4994,5000,11,['const'],15,5,0.06,7,"['gaussian', 1]","[0.1, 1.1, 2.1, 3.1, 4.1000000000000005, 5.1000000000000005, 6.1000000000000005]"
69,0.5,4994,5000,11,['const'],15,5,0.06,7,"['gaussian', 1]","[0.1, 1.1, 2.1, 3.1, 4.1000000000000005, 5.1000000000000005, 6.1000000000000005]"
70,0.5,4994,5000,11,['const'],15,5,0.06,7,"['gaussian', 1]","[0.1, 1.1, 2.1, 3.1, 4.1000000000000005, 5.1000000000000005, 6.1000000000000005]"
71,0.0,713,5000,11,['const'],15,5,0.06,7,"['gaussian', 1]","[0.1, 1.1, 2.1, 3.1, 4.1000000000000005, 5.1000000000000005, 6.1000000000000005]"
72,0.5,4994,5000,11,['const'],15,5,0.06,7,"['gaussian', 1]","[0.1, 1.1, 2.1, 3.1, 4.1000000000000005, 5.1000000000000005, 6.1000000000000005]"
73,0.5,4994,5000,11,['const'],15,5,0.06,7,"['gaussian', 1]","[0.1, 1.1, 2.1, 3.1, 4.1000000000000005, 5.1000000000000005, 6.1000000000000005]"
74,0.0,1209,5000,11,['const'],15,5,0.06,7,"['gaussian', 1]","[0.1, 1.1, 2.1, 3.1, 4.1000000000000005, 5.1000000000000005, 6.1000000000000005]"
75,0.0,4335,5000,11,['const'],15,5,0.06,7,"['gaussian', 1]","[0.1, 1.1, 2.1, 3.1, 4.1000000000000005, 5.1000000000000005, 6.1000000000000005]"
76,0.5,4994,5000,11,['const'],15,5,0.06,7,"['gaussian', 1]","[0.1, 1.1, 2.1, 3.1, 4.1000000000000005, 5.1000000000000005, 6.1000000000000005]"
77,0.4375,4994,5000,11,['const'],15,5,0.06,7,"['gaussian', 1]","[0.1, 1.1, 2.1, 3.1, 4.1000000000000005, 5.1000000000000005, 6.1000000000000005]"
78,0.46875,4994,5000,11,['const'],15,5,0.06,7,"['gaussian', 1]","[0.1, 1.1, 2.1, 3.1, 4.1000000000000005, 5.1000000000000005, 6.1000000000000005]"
79,0.0,189,5000,11,['const'],15,5,0.06,7,"['gaussian', 1]","[0.1, 1.1, 2.1, 3.1, 4.1000000000000005, 5.1000000000000005, 6.1000000000000005]"
80,0.375,4994,5000,11,['const'],15,5,0.06,7,"['gaussian', 1]","[0.1, 1.1, 2.1, 3.1, 4.1000000000000005, 5.1000000000000005, 6.1000000000000005]"
81,0.46875,4994,5000,11,['const'],15,5,0.06,7,"['gaussian', 1]","[0.1, 1.1, 2.1, 3.1, 4.1000000000000005, 5.1000000000000005, 6.1000000000000005]"
82,0.0,4314,5000,11,['const'],15,5,0.06,7,"['gaussian', 1]","[0.1, 1.1, 2.1, 3.1, 4.1000000000000005, 5.1000000000000005, 6.1000000000000005]"
83,0.0,3503,5000,11,['const'],15,5,0.06,7,"['gaussian', 1]","[0.1, 1.1, 2.1, 3.1, 4.1000000000000005, 5.1000000000000005, 6.1000000000000005]"
84,0.5,4994,5000,11,['const'],15,5,0.06,7,"['gaussian', 1]","[0.1, 1.1, 2.1, 3.1, 4.1000000000000005, 5.1000000000000005, 6.1000000000000005]"
85,0.0,246,5000,11,['const'],15,5,0.06,7,"['gaussian', 1]","[0.1, 1.1, 2.1, 3.1, 4.1000000000000005, 5.1000000000000005, 6.1000000000000005]"
86,0.0,3241,5000,11,['const'],15,5,0.06,7,"['gaussian', 1]","[0.1, 1.1, 2.1, 3.1, 4.1000000000000005, 5.1000000000000005, 6.1000000000000005]"
87,0.0,2428,5000,11,['const'],15,5,0.06,7,"['gaussian', 1]","[0.1, 1.1, 2.1, 3.1, 4.1000000000000005, 5.1000000000000005, 6.1000000000000005]"
88,0.0,2178,5000,11,['const'],15,5,0.06,7,"['gaussian', 1]","[0.1, 1.1, 2.1, 3.1, 4.1000000000000005, 5.1000000000000005, 6.1000000000000005]"
89,0.5,4994,5000,11,['const'],15,5,0.06,7,"['gaussian', 1]","[0.1, 1.1, 2.1, 3.1, 4.1000000000000005, 5.1000000000000005, 6.1000000000000005]"
90,0.0,2676,5000,16,['const'],15,5,0.06,7,"['gaussian', 1]","[0.1, 1.1, 2.1, 3.1, 4.1000000000000005, 5.1000000000000005, 6.1000000000000005]"
91,0.0,336,5000,16,['const'],15,5,0.06,7,"['gaussian', 1]","[0.1, 1.1, 2.1, 3.1, 4.1000000000000005, 5.1000000000000005, 6.1000000000000005]"
92,0.5,4992,5000,16,['const'],15,5,0.06,7,"['gaussian', 1]","[0.1, 1.1, 2.1, 3.1, 4.1000000000000005, 5.1000000000000005, 6.1000000000000005]"
93,0.375,4992,5000,16,['const'],15,5,0.06,7,"['gaussian', 1]","[0.1, 1.1, 2.1, 3.1, 4.1000000000000005, 5.1000000000000005, 6.1000000000000005]"
94,0.375,4992,5000,16,['const'],15,5,0.06,7,"['gaussian', 1]","[0.1, 1.1, 2.1, 3.1, 4.1000000000000005, 5.1000000000000005, 6.1000000000000005]"
95,0.0,715,5000,16,['const'],15,5,0.06,7,"['gaussian', 1]","[0.1, 1.1, 2.1, 3.1, 4.1000000000000005, 5.1000000000000005, 6.1000000000000005]"
96,0.0,3758,5000,16,['const'],15,5,0.06,7,"['gaussian', 1]","[0.1, 1.1, 2.1, 3.1, 4.1000000000000005, 5.1000000000000005, 6.1000000000000005]"
97,0.0,3726,5000,16,['const'],15,5,0.06,7,"['gaussian', 1]","[0.1, 1.1, 2.1, 3.1, 4.1000000000000005, 5.1000000000000005, 6.1000000000000005]"
98,0.4375,4992,5000,16,['const'],15,5,0.06,7,"['gaussian', 1]","[0.1, 1.1, 2.1, 3.1, 4.1000000000000005, 5.1000000000000005, 6.1000000000000005]"
99,0.46875,4992,5000,16,['const'],15,5,0.06,7,"['gaussian', 1]","[0.1, 1.1, 2.1, 3.1, 4.1000000000000005, 5.1000000000000005, 6.1000000000000005]"
100,0.5,4992,5000,16,['const'],15,5,0.06,7,"['gaussian', 1]","[0.1, 1.1, 2.1, 3.1, 4.1000000000000005, 5.1000000000000005, 6.1000000000000005]"
101,0.5,4992,5000,16,['const'],15,5,0.06,7,"['gaussian', 1]","[0.1, 1.1, 2.1, 3.1, 4.1000000000000005, 5.1000000000000005, 6.1000000000000005]"
102,0.5,4992,5000,16,['const'],15,5,0.06,7,"['gaussian', 1]","[0.1, 1.1, 2.1, 3.1, 4.1000000000000005, 5.1000000000000005, 6.1000000000000005]"
103,0.4375,4992,5000,16,['const'],15,5,0.06,7,"['gaussian', 1]","[0.1, 1.1, 2.1, 3.1, 4.1000000000000005, 5.1000000000000005, 6.1000000000000005]"
104,0.0,1710,5000,16,['const'],15,5,0.06,7,"['gaussian', 1]","[0.1, 1.1, 2.1, 3.1, 4.1000000000000005, 5.1000000000000005, 6.1000000000000005]"
105,0.375,4992,5000,16,['const'],15,5,0.06,7,"['gaussian', 1]","[0.1, 1.1, 2.1, 3.1, 4.1000000000000005, 5.1000000000000005, 6.1000000000000005]"
106,0.0,1031,5000,16,['const'],15,5,0.06,7,"['gaussian', 1]","[0.1, 1.1, 2.1, 3.1, 4.1000000000000005, 5.1000000000000005, 6.1000000000000005]"
107,0.5,4992,5000,16,['const'],15,5,0.06,7,"['gaussian', 1]","[0.1, 1.1, 2.1, 3.1, 4.1000000000000005, 5.1000000000000005, 6.1000000000000005]"
108,0.0,4023,5000,16,['const'],15,5,0.06,7,"['gaussian', 1]","[0.1, 1.1, 2.1, 3.1, 4.1000000000000005, 5.1000000000000005, 6.1000000000000005]"
109,0.0,2780,5000,16,['const'],15,5,0.06,7,"['gaussian', 1]","[0.1, 1.1, 2.1, 3.1, 4.1000000000000005, 5.1000000000000005, 6.1000000000000005]"
110,0.25,4992,5000,16,['const'],15,5,0.06,7,"['gaussian', 1]","[0.1, 1.1, 2.1, 3.1, 4.1000000000000005, 5.1000000000000005, 6.1000000000000005]"
111,0.5,4992,5000,16,['const'],15,5,0.06,7,"['gaussian', 1]","[0.1, 1.1, 2.1, 3.1, 4.1000000000000005, 5.1000000000000005, 6.1000000000000005]"
112,0.0,4457,5000,16,['const'],15,5,0.06,7,"['gaussian', 1]","[0.1, 1.1, 2.1, 3.1, 4.1000000000000005, 5.1000000000000005, 6.1000000000000005]"
113,0.4375,4992,5000,16,['const'],15,5,0.06,7,"['gaussian', 1]","[0.1, 1.1, 2.1, 3.1, 4.1000000000000005, 5.1000000000000005, 6.1000000000000005]"
114,0.5,4992,5000,16,['const'],15,5,0.06,7,"['gaussian', 1]","[0.1, 1.1, 2.1, 3.1, 4.1000000000000005, 5.1000000000000005, 6.1000000000000005]"
115,0.0,4694,5000,16,['const'],15,5,0.06,7,"['gaussian', 1]","[0.1, 1.1, 2.1, 3.1, 4.1000000000000005, 5.1000000000000005, 6.1000000000000005]"
116,0.4375,4992,5000,16,['const'],15,5,0.06,7,"['gaussian', 1]","[0.1, 1.1, 2.1, 3.1, 4.1000000000000005, 5.1000000000000005, 6.1000000000000005]"
117,0.5,4992,5000,16,['const'],15,5,0.06,7,"['gaussian', 1]","[0.1, 1.1, 2.1, 3.1, 4.1000000000000005, 5.1000000000000005, 6.1000000000000005]"
118,0.0,1022,5000,16,['const'],15,5,0.06,7,"['gaussian', 1]","[0.1, 1.1, 2.1, 3.1, 4.1000000000000005, 5.1000000000000005, 6.1000000000000005]"
119,0.0,582,5000,16,['const'],15,5,0.06,7,"['gaussian', 1]","[0.1, 1.1, 2.1, 3.1, 4.1000000000000005, 5.1000000000000005, 6.1000000000000005]"
120,0.5,4998,5000,21,['const'],15,5,0.06,7,"['gaussian', 1]","[0.1, 1.1, 2.1, 3.1, 4.1000000000000005, 5.1000000000000005, 6.1000000000000005]"
121,0.0,4058,5000,21,['const'],15,5,0.06,7,"['gaussian', 1]","[0.1, 1.1, 2.1, 3.1, 4.1000000000000005, 5.1000000000000005, 6.1000000000000005]"
122,0.0,1704,5000,21,['const'],15,5,0.06,7,"['gaussian', 1]","[0.1, 1.1, 2.1, 3.1, 4.1000000000000005, 5.1000000000000005, 6.1000000000000005]"
123,0.0,117,5000,21,['const'],15,5,0.06,7,"['gaussian', 1]","[0.1, 1.1, 2.1, 3.1, 4.1000000000000005, 5.1000000000000005, 6.1000000000000005]"
124,0.46875,4998,5000,21,['const'],15,5,0.06,7,"['gaussian', 1]","[0.1, 1.1, 2.1, 3.1, 4.1000000000000005, 5.1000000000000005, 6.1000000000000005]"
125,0.0,4080,5000,21,['const'],15,5,0.06,7,"['gaussian', 1]","[0.1, 1.1, 2.1, 3.1, 4.1000000000000005, 5.1000000000000005, 6.1000000000000005]"
126,0.0,1345,5000,21,['const'],15,5,0.06,7,"['gaussian', 1]","[0.1, 1.1, 2.1, 3.1, 4.1000000000000005, 5.1000000000000005, 6.1000000000000005]"
127,0.0,1296,5000,21,['const'],15,5,0.06,7,"['gaussian', 1]","[0.1, 1.1, 2.1, 3.1, 4.1000000000000005, 5.1000000000000005, 6.1000000000000005]"
128,0.5,4998,5000,21,['const'],15,5,0.06,7,"['gaussian', 1]","[0.1, 1.1, 2.1, 3.1, 4.1000000000000005, 5.1000000000000005, 6.1000000000000005]"
129,0.5,4998,5000,21,['const'],15,5,0.06,7,"['gaussian', 1]","[0.1, 1.1, 2.1, 3.1, 4.1000000000000005, 5.1000000000000005, 6.1000000000000005]"
130,0.375,4998,5000,21,['const'],15,5,0.06,7,"['gaussian', 1]","[0.1, 1.1, 2.1, 3.1, 4.1000000000000005, 5.1000000000000005, 6.1000000000000005]"
131,0.0,4424,5000,21,['const'],15,5,0.06,7,"['gaussian', 1]","[0.1, 1.1, 2.1, 3.1, 4.1000000000000005, 5.1000000000000005, 6.1000000000000005]"
132,0.375,4998,5000,21,['const'],15,5,0.06,7,"['gaussian', 1]","[0.1, 1.1, 2.1, 3.1, 4.1000000000000005, 5.1000000000000005, 6.1000000000000005]"
133,0.5,4998,5000,21,['const'],15,5,0.06,7,"['gaussian', 1]","[0.1, 1.1, 2.1, 3.1, 4.1000000000000005, 5.1000000000000005, 6.1000000000000005]"
134,0.4375,4998,5000,21,['const'],15,5,0.06,7,"['gaussian', 1]","[0.1, 1.1, 2.1, 3.1, 4.1000000000000005, 5.1000000000000005, 6.1000000000000005]"
135,0.0,2807,5000,21,['const'],15,5,0.06,7,"['gaussian', 1]","[0.1, 1.1, 2.1, 3.1, 4.1000000000000005, 5.1000000000000005, 6.1000000000000005]"
136,0.25,4998,5000,21,['const'],15,5,0.06,7,"['gaussian', 1]","[0.1, 1.1, 2.1, 3.1, 4.1000000000000005, 5.1000000000000005, 6.1000000000000005]"
137,0.4375,4998,5000,21,['const'],15,5,0.06,7,"['gaussian', 1]","[0.1, 1.1, 2.1, 3.1, 4.1000000000000005, 5.1000000000000005, 6.1000000000000005]"
138,0.46875,4998,5000,21,['const'],15,5,0.06,7,"['gaussian', 1]","[0.1, 1.1, 2.1, 3.1, 4.1000000000000005, 5.1000000000000005, 6.1000000000000005]"
139,0.0,2054,5000,21,['const'],15,5,0.06,7,"['gaussian', 1]","[0.1, 1.1, 2.1, 3.1, 4.1000000000000005, 5.1000000000000005, 6.1000000000000005]"
140,0.0,414,5000,21,['const'],15,5,0.06,7,"['gaussian', 1]","[0.1, 1.1, 2.1, 3.1, 4.1000000000000005, 5.1000000000000005, 6.1000000000000005]"
141,0.25,4998,5000,21,['const'],15,5,0.06,7,"['gaussian', 1]","[0.1, 1.1, 2.1, 3.1, 4.1000000000000005, 5.1000000000000005, 6.1000000000000005]"
142,0.0,111,5000,21,['const'],15,5,0.06,7,"['gaussian', 1]","[0.1, 1.1, 2.1, 3.1, 4.1000000000000005, 5.1000000000000005, 6.1000000000000005]"
143,0.0,1576,5000,21,['const'],15,5,0.06,7,"['gaussian', 1]","[0.1, 1.1, 2.1, 3.1, 4.1000000000000005, 5.1000000000000005, 6.1000000000000005]"
144,0.0,4190,5000,21,['const'],15,5,0.06,7,"['gaussian', 1]","[0.1, 1.1, 2.1, 3.1, 4.1000000000000005, 5.1000000000000005, 6.1000000000000005]"
145,0.5,4998,5000,21,['const'],15,5,0.06,7,"['gaussian', 1]","[0.1, 1.1, 2.1, 3.1, 4.1000000000000005, 5.1000000000000005, 6.1000000000000005]"
146,0.46875,4998,5000,21,['const'],15,5,0.06,7,"['gaussian', 1]","[0.1, 1.1, 2.1, 3.1, 4.1000000000000005, 5.1000000000000005, 6.1000000000000005]"
147,0.46875,4998,5000,21,['const'],15,5,0.06,7,"['gaussian', 1]","[0.1, 1.1, 2.1, 3.1, 4.1000000000000005, 5.1000000000000005, 6.1000000000000005]"
148,0.0,2556,5000,21,['const'],15,5,0.06,7,"['gaussian', 1]","[0.1, 1.1, 2.1, 3.1, 4.1000000000000005, 5.1000000000000005, 6.1000000000000005]"
149,0.46875,4998,5000,21,['const'],15,5,0.06,7,"['gaussian', 1]","[0.1, 1.1, 2.1, 3.1, 4.1000000000000005, 5.1000000000000005, 6.1000000000000005]"
150,0.0,645,5000,26,['const'],15,5,0.06,7,"['gaussian', 1]","[0.1, 1.1, 2.1, 3.1, 4.1000000000000005, 5.1000000000000005, 6.1000000000000005]"
151,0.0,628,5000,26,['const'],15,5,0.06,7,"['gaussian', 1]","[0.1, 1.1, 2.1, 3.1, 4.1000000000000005, 5.1000000000000005, 6.1000000000000005]"
152,0.0,201,5000,26,['const'],15,5,0.06,7,"['gaussian', 1]","[0.1, 1.1, 2.1, 3.1, 4.1000000000000005, 5.1000000000000005, 6.1000000000000005]"
153,0.4375,4992,5000,26,['const'],15,5,0.06,7,"['gaussian', 1]","[0.1, 1.1, 2.1, 3.1, 4.1000000000000005, 5.1000000000000005, 6.1000000000000005]"
154,0.0,3977,5000,26,['const'],15,5,0.06,7,"['gaussian', 1]","[0.1, 1.1, 2.1, 3.1, 4.1000000000000005, 5.1000000000000005, 6.1000000000000005]"
155,0.4375,4992,5000,26,['const'],15,5,0.06,7,"['gaussian', 1]","[0.1, 1.1, 2.1, 3.1, 4.1000000000000005, 5.1000000000000005, 6.1000000000000005]"
156,0.0,3327,5000,26,['const'],15,5,0.06,7,"['gaussian', 1]","[0.1, 1.1, 2.1, 3.1, 4.1000000000000005, 5.1000000000000005, 6.1000000000000005]"
157,0.5,4992,5000,26,['const'],15,5,0.06,7,"['gaussian', 1]","[0.1, 1.1, 2.1, 3.1, 4.1000000000000005, 5.1000000000000005, 6.1000000000000005]"
158,0.0,3306,5000,26,['const'],15,5,0.06,7,"['gaussian', 1]","[0.1, 1.1, 2.1, 3.1, 4.1000000000000005, 5.1000000000000005, 6.1000000000000005]"
159,0.4375,4992,5000,26,['const'],15,5,0.06,7,"['gaussian', 1]","[0.1, 1.1, 2.1, 3.1, 4.1000000000000005, 5.1000000000000005, 6.1000000000000005]"
160,0.0,4891,5000,26,['const'],15,5,0.06,7,"['gaussian', 1]","[0.1, 1.1, 2.1, 3.1, 4.1000000000000005, 5.1000000000000005, 6.1000000000000005]"
161,0.5,4992,5000,26,['const'],15,5,0.06,7,"['gaussian', 1]","[0.1, 1.1, 2.1, 3.1, 4.1000000000000005, 5.1000000000000005, 6.1000000000000005]"
162,0.5,4992,5000,26,['const'],15,5,0.06,7,"['gaussian', 1]","[0.1, 1.1, 2.1, 3.1, 4.1000000000000005, 5.1000000000000005, 6.1000000000000005]"
163,0.0,4141,5000,26,['const'],15,5,0.06,7,"['gaussian', 1]","[0.1, 1.1, 2.1, 3.1, 4.1000000000000005, 5.1000000000000005, 6.1000000000000005]"
164,0.0,3066,5000,26,['const'],15,5,0.06,7,"['gaussian', 1]","[0.1, 1.1, 2.1, 3.1, 4.1000000000000005, 5.1000000000000005, 6.1000000000000005]"
165,0.0,2873,5000,26,['const'],15,5,0.06,7,"['gaussian', 1]","[0.1, 1.1, 2.1, 3.1, 4.1000000000000005, 5.1000000000000005, 6.1000000000000005]"
166,0.46875,4992,5000,26,['const'],15,5,0.06,7,"['gaussian', 1]","[0.1, 1.1, 2.1, 3.1, 4.1000000000000005, 5.1000000000000005, 6.1000000000000005]"
167,0.0,3334,5000,26,['const'],15,5,0.06,7,"['gaussian', 1]","[0.1, 1.1, 2.1, 3.1, 4.1000000000000005, 5.1000000000000005, 6.1000000000000005]"
168,0.0,3659,5000,26,['const'],15,5,0.06,7,"['gaussian', 1]","[0.1, 1.1, 2.1, 3.1, 4.1000000000000005, 5.1000000000000005, 6.1000000000000005]"
169,0.0,1947,5000,26,['const'],15,5,0.06,7,"['gaussian', 1]","[0.1, 1.1, 2.1, 3.1, 4.1000000000000005, 5.1000000000000005, 6.1000000000000005]"
170,0.0,2288,5000,26,['const'],15,5,0.06,7,"['gaussian', 1]","[0.1, 1.1, 2.1, 3.1, 4.1000000000000005, 5.1000000000000005, 6.1000000000000005]"
171,0.46875,4992,5000,26,['const'],15,5,0.06,7,"['gaussian', 1]","[0.1, 1.1, 2.1, 3.1, 4.1000000000000005, 5.1000000000000005, 6.1000000000000005]"
172,0.0,4823,5000,26,['const'],15,5,0.06,7,"['gaussian', 1]","[0.1, 1.1, 2.1, 3.1, 4.1000000000000005, 5.1000000000000005, 6.1000000000000005]"
173,0.375,4992,5000,26,['const'],15,5,0.06,7,"['gaussian', 1]","[0.1, 1.1, 2.1, 3.1, 4.1000000000000005, 5.1000000000000005, 6.1000000000000005]"
174,0.0,1232,5000,26,['const'],15,5,0.06,7,"['gaussian', 1]","[0.1, 1.1, 2.1, 3.1, 4.1000000000000005, 5.1000000000000005, 6.1000000000000005]"
175,0.0,380,5000,26,['const'],15,5,0.06,7,"['gaussian', 1]","[0.1, 1.1, 2.1, 3.1, 4.1000000000000005, 5.1000000000000005, 6.1000000000000005]"
176,0.4375,4992,5000,26,['const'],15,5,0.06,7,"['gaussian', 1]","[0.1, 1.1, 2.1, 3.1, 4.1000000000000005, 5.1000000000000005, 6.1000000000000005]"
177,0.5,4992,5000,26,['const'],15,5,0.06,7,"['gaussian', 1]","[0.1, 1.1, 2.1, 3.1, 4.1000000000000005, 5.1000000000000005, 6.1000000000000005]"
178,0.0,53,5000,26,['const'],15,5,0.06,7,"['gaussian', 1]","[0.1, 1.1, 2.1, 3.1, 4.1000000000000005, 5.1000000000000005, 6.1000000000000005]"
179,0.0,1446,5000,26,['const'],15,5,0.06,7,"['gaussian', 1]","[0.1, 1.1, 2.1, 3.1, 4.1000000000000005, 5.1000000000000005, 6.1000000000000005]"
180,0.0,2040,5000,31,['const'],15,5,0.06,7,"['gaussian', 1]","[0.1, 1.1, 2.1, 3.1, 4.1000000000000005, 5.1000000000000005, 6.1000000000000005]"
181,0.46875,4991,5000,31,['const'],15,5,0.06,7,"['gaussian', 1]","[0.1, 1.1, 2.1, 3.1, 4.1000000000000005, 5.1000000000000005, 6.1000000000000005]"
182,0.25,4991,5000,31,['const'],15,5,0.06,7,"['gaussian', 1]","[0.1, 1.1, 2.1, 3.1, 4.1000000000000005, 5.1000000000000005, 6.1000000000000005]"
183,0.0,3411,5000,31,['const'],15,5,0.06,7,"['gaussian', 1]","[0.1, 1.1, 2.1, 3.1, 4.1000000000000005, 5.1000000000000005, 6.1000000000000005]"
184,0.0,3521,5000,31,['const'],15,5,0.06,7,"['gaussian', 1]","[0.1, 1.1, 2.1, 3.1, 4.1000000000000005, 5.1000000000000005, 6.1000000000000005]"
185,0.0,1317,5000,31,['const'],15,5,0.06,7,"['gaussian', 1]","[0.1, 1.1, 2.1, 3.1, 4.1000000000000005, 5.1000000000000005, 6.1000000000000005]"
186,0.4375,4991,5000,31,['const'],15,5,0.06,7,"['gaussian', 1]","[0.1, 1.1, 2.1, 3.1, 4.1000000000000005, 5.1000000000000005, 6.1000000000000005]"
187,0.5,4991,5000,31,['const'],15,5,0.06,7,"['gaussian', 1]","[0.1, 1.1, 2.1, 3.1, 4.1000000000000005, 5.1000000000000005, 6.1000000000000005]"
188,0.0,1263,5000,31,['const'],15,5,0.06,7,"['gaussian', 1]","[0.1, 1.1, 2.1, 3.1, 4.1000000000000005, 5.1000000000000005, 6.1000000000000005]"
189,0.5,4991,5000,31,['const'],15,5,0.06,7,"['gaussian', 1]","[0.1, 1.1, 2.1, 3.1, 4.1000000000000005, 5.1000000000000005, 6.1000000000000005]"
190,0.0,1432,5000,31,['const'],15,5,0.06,7,"['gaussian', 1]","[0.1, 1.1, 2.1, 3.1, 4.1000000000000005, 5.1000000000000005, 6.1000000000000005]"
191,0.0,3176,5000,31,['const'],15,5,0.06,7,"['gaussian', 1]","[0.1, 1.1, 2.1, 3.1, 4.1000000000000005, 5.1000000000000005, 6.1000000000000005]"
192,0.375,4991,5000,31,['const'],15,5,0.06,7,"['gaussian', 1]","[0.1, 1.1, 2.1, 3.1, 4.1000000000000005, 5.1000000000000005, 6.1000000000000005]"
193,0.4375,4991,5000,31,['const'],15,5,0.06,7,"['gaussian', 1]","[0.1, 1.1, 2.1, 3.1, 4.1000000000000005, 5.1000000000000005, 6.1000000000000005]"
194,0.0,1548,5000,31,['const'],15,5,0.06,7,"['gaussian', 1]","[0.1, 1.1, 2.1, 3.1, 4.1000000000000005, 5.1000000000000005, 6.1000000000000005]"
195,0.0,4640,5000,31,['const'],15,5,0.06,7,"['gaussian', 1]","[0.1, 1.1, 2.1, 3.1, 4.1000000000000005, 5.1000000000000005, 6.1000000000000005]"
196,0.0,190,5000,31,['const'],15,5,0.06,7,"['gaussian', 1]","[0.1, 1.1, 2.1, 3.1, 4.1000000000000005, 5.1000000000000005, 6.1000000000000005]"
197,0.0,623,5000,31,['const'],15,5,0.06,7,"['gaussian', 1]","[0.1, 1.1, 2.1, 3.1, 4.1000000000000005, 5.1000000000000005, 6.1000000000000005]"
198,0.4375,4991,5000,31,['const'],15,5,0.06,7,"['gaussian', 1]","[0.1, 1.1, 2.1, 3.1, 4.1000000000000005, 5.1000000000000005, 6.1000000000000005]"
199,0.0,4189,5000,31,['const'],15,5,0.06,7,"['gaussian', 1]","[0.1, 1.1, 2.1, 3.1, 4.1000000000000005, 5.1000000000000005, 6.1000000000000005]"
200,0.5,4991,5000,31,['const'],15,5,0.06,7,"['gaussian', 1]","[0.1, 1.1, 2.1, 3.1, 4.1000000000000005, 5.1000000000000005, 6.1000000000000005]"
201,0.0,3981,5000,31,['const'],15,5,0.06,7,"['gaussian', 1]","[0.1, 1.1, 2.1, 3.1, 4.1000000000000005, 5.1000000000000005, 6.1000000000000005]"
202,0.0,1291,5000,31,['const'],15,5,0.06,7,"['gaussian', 1]","[0.1, 1.1, 2.1, 3.1, 4.1000000000000005, 5.1000000000000005, 6.1000000000000005]"
203,0.0,1322,5000,31,['const'],15,5,0.06,7,"['gaussian', 1]","[0.1, 1.1, 2.1, 3.1, 4.1000000000000005, 5.1000000000000005, 6.1000000000000005]"
204,0.0,453,5000,31,['const'],15,5,0.06,7,"['gaussian', 1]","[0.1, 1.1, 2.1, 3.1, 4.1000000000000005, 5.1000000000000005, 6.1000000000000005]"
205,0.0,4289,5000,31,['const'],15,5,0.06,7,"['gaussian', 1]","[0.1, 1.1, 2.1, 3.1, 4.1000000000000005, 5.1000000000000005, 6.1000000000000005]"
206,0.5,4991,5000,31,['const'],15,5,0.06,7,"['gaussian', 1]","[0.1, 1.1, 2.1, 3.1, 4.1000000000000005, 5.1000000000000005, 6.1000000000000005]"
207,0.5,4991,5000,31,['const'],15,5,0.06,7,"['gaussian', 1]","[0.1, 1.1, 2.1, 3.1, 4.1000000000000005, 5.1000000000000005, 6.1000000000000005]"
208,0.0,1187,5000,31,['const'],15,5,0.06,7,"['gaussian', 1]","[0.1, 1.1, 2.1, 3.1, 4.1000000000000005, 5.1000000000000005, 6.1000000000000005]"
209,0.4375,4991,5000,31,['const'],15,5,0.06,7,"['gaussian', 1]","[0.1, 1.1, 2.1, 3.1, 4.1000000000000005, 5.1000000000000005, 6.1000000000000005]"
210,0.5,4968,5000,36,['const'],15,5,0.06,7,"['gaussian', 1]","[0.1, 1.1, 2.1, 3.1, 4.1000000000000005, 5.1000000000000005, 6.1000000000000005]"
211,0.4375,4968,5000,36,['const'],15,5,0.06,7,"['gaussian', 1]","[0.1, 1.1, 2.1, 3.1, 4.1000000000000005, 5.1000000000000005, 6.1000000000000005]"
212,0.0,1154,5000,36,['const'],15,5,0.06,7,"['gaussian', 1]","[0.1, 1.1, 2.1, 3.1, 4.1000000000000005, 5.1000000000000005, 6.1000000000000005]"
213,0.0,3881,5000,36,['const'],15,5,0.06,7,"['gaussian', 1]","[0.1, 1.1, 2.1, 3.1, 4.1000000000000005, 5.1000000000000005, 6.1000000000000005]"
214,0.4375,4968,5000,36,['const'],15,5,0.06,7,"['gaussian', 1]","[0.1, 1.1, 2.1, 3.1, 4.1000000000000005, 5.1000000000000005, 6.1000000000000005]"
215,0.5,4968,5000,36,['const'],15,5,0.06,7,"['gaussian', 1]","[0.1, 1.1, 2.1, 3.1, 4.1000000000000005, 5.1000000000000005, 6.1000000000000005]"
216,0.5,4968,5000,36,['const'],15,5,0.06,7,"['gaussian', 1]","[0.1, 1.1, 2.1, 3.1, 4.1000000000000005, 5.1000000000000005, 6.1000000000000005]"
217,0.0,3631,5000,36,['const'],15,5,0.06,7,"['gaussian', 1]","[0.1, 1.1, 2.1, 3.1, 4.1000000000000005, 5.1000000000000005, 6.1000000000000005]"
218,0.5,4968,5000,36,['const'],15,5,0.06,7,"['gaussian', 1]","[0.1, 1.1, 2.1, 3.1, 4.1000000000000005, 5.1000000000000005, 6.1000000000000005]"
219,0.0,4930,5000,36,['const'],15,5,0.06,7,"['gaussian', 1]","[0.1, 1.1, 2.1, 3.1, 4.1000000000000005, 5.1000000000000005, 6.1000000000000005]"
220,0.0,1435,5000,36,['const'],15,5,0.06,7,"['gaussian', 1]","[0.1, 1.1, 2.1, 3.1, 4.1000000000000005, 5.1000000000000005, 6.1000000000000005]"
221,0.0,1044,5000,36,['const'],15,5,0.06,7,"['gaussian', 1]","[0.1, 1.1, 2.1, 3.1, 4.1000000000000005, 5.1000000000000005, 6.1000000000000005]"
222,0.0,4040,5000,36,['const'],15,5,0.06,7,"['gaussian', 1]","[0.1, 1.1, 2.1, 3.1, 4.1000000000000005, 5.1000000000000005, 6.1000000000000005]"
223,0.0,285,5000,36,['const'],15,5,0.06,7,"['gaussian', 1]","[0.1, 1.1, 2.1, 3.1, 4.1000000000000005, 5.1000000000000005, 6.1000000000000005]"
224,0.0,1163,5000,36,['const'],15,5,0.06,7,"['gaussian', 1]","[0.1, 1.1, 2.1, 3.1, 4.1000000000000005, 5.1000000000000005, 6.1000000000000005]"
225,0.0,465,5000,36,['const'],15,5,0.06,7,"['gaussian', 1]","[0.1, 1.1, 2.1, 3.1, 4.1000000000000005, 5.1000000000000005, 6.1000000000000005]"
226,0.5,4968,5000,36,['const'],15,5,0.06,7,"['gaussian', 1]","[0.1, 1.1, 2.1, 3.1, 4.1000000000000005, 5.1000000000000005, 6.1000000000000005]"
227,0.0,1591,5000,36,['const'],15,5,0.06,7,"['gaussian', 1]","[0.1, 1.1, 2.1, 3.1, 4.1000000000000005, 5.1000000000000005, 6.1000000000000005]"
228,0.46875,4968,5000,36,['const'],15,5,0.06,7,"['gaussian', 1]","[0.1, 1.1, 2.1, 3.1, 4.1000000000000005, 5.1000000000000005, 6.1000000000000005]"
229,0.375,4968,5000,36,['const'],15,5,0.06,7,"['gaussian', 1]","[0.1, 1.1, 2.1, 3.1, 4.1000000000000005, 5.1000000000000005, 6.1000000000000005]"
230,0.0,1558,5000,36,['const'],15,5,0.06,7,"['gaussian', 1]","[0.1, 1.1, 2.1, 3.1, 4.1000000000000005, 5.1000000000000005, 6.1000000000000005]"
231,0.5,4968,5000,36,['const'],15,5,0.06,7,"['gaussian', 1]","[0.1, 1.1, 2.1, 3.1, 4.1000000000000005, 5.1000000000000005, 6.1000000000000005]"
232,0.0,425,5000,36,['const'],15,5,0.06,7,"['gaussian', 1]","[0.1, 1.1, 2.1, 3.1, 4.1000000000000005, 5.1000000000000005, 6.1000000000000005]"
233,0.5,4968,5000,36,['const'],15,5,0.06,7,"['gaussian', 1]","[0.1, 1.1, 2.1, 3.1, 4.1000000000000005, 5.1000000000000005, 6.1000000000000005]"
234,0.0,605,5000,36,['const'],15,5,0.06,7,"['gaussian', 1]","[0.1, 1.1, 2.1, 3.1, 4.1000000000000005, 5.1000000000000005, 6.1000000000000005]"
235,0.0,2673,5000,36,['const'],15,5,0.06,7,"['gaussian', 1]","[0.1, 1.1, 2.1, 3.1, 4.1000000000000005, 5.1000000000000005, 6.1000000000000005]"
236,0.25,4968,5000,36,['const'],15,5,0.06,7,"['gaussian', 1]","[0.1, 1.1, 2.1, 3.1, 4.1000000000000005, 5.1000000000000005, 6.1000000000000005]"
237,0.0,4216,5000,36,['const'],15,5,0.06,7,"['gaussian', 1]","[0.1, 1.1, 2.1, 3.1, 4.1000000000000005, 5.1000000000000005, 6.1000000000000005]"
238,0.0,4580,5000,36,['const'],15,5,0.06,7,"['gaussian', 1]","[0.1, 1.1, 2.1, 3.1, 4.1000000000000005, 5.1000000000000005, 6.1000000000000005]"
239,0.0,745,5000,36,['const'],15,5,0.06,7,"['gaussian', 1]","[0.1, 1.1, 2.1, 3.1, 4.1000000000000005, 5.1000000000000005, 6.1000000000000005]"
240,0.0,802,5000,41,['const'],15,5,0.06,7,"['gaussian', 1]","[0.1, 1.1, 2.1, 3.1, 4.1000000000000005, 5.1000000000000005, 6.1000000000000005]"
241,0.0,2739,5000,41,['const'],15,5,0.06,7,"['gaussian', 1]","[0.1, 1.1, 2.1, 3.1, 4.1000000000000005, 5.1000000000000005, 6.1000000000000005]"
242,0.0,4621,5000,41,['const'],15,5,0.06,7,"['gaussian', 1]","[0.1, 1.1, 2.1, 3.1, 4.1000000000000005, 5.1000000000000005, 6.1000000000000005]"
243,0.0,1350,5000,41,['const'],15,5,0.06,7,"['gaussian', 1]","[0.1, 1.1, 2.1, 3.1, 4.1000000000000005, 5.1000000000000005, 6.1000000000000005]"
244,0.25,4961,5000,41,['const'],15,5,0.06,7,"['gaussian', 1]","[0.1, 1.1, 2.1, 3.1, 4.1000000000000005, 5.1000000000000005, 6.1000000000000005]"
245,0.0,3731,5000,41,['const'],15,5,0.06,7,"['gaussian', 1]","[0.1, 1.1, 2.1, 3.1, 4.1000000000000005, 5.1000000000000005, 6.1000000000000005]"
246,0.0,817,5000,41,['const'],15,5,0.06,7,"['gaussian', 1]","[0.1, 1.1, 2.1, 3.1, 4.1000000000000005, 5.1000000000000005, 6.1000000000000005]"
247,0.5,4961,5000,41,['const'],15,5,0.06,7,"['gaussian', 1]","[0.1, 1.1, 2.1, 3.1, 4.1000000000000005, 5.1000000000000005, 6.1000000000000005]"
248,0.0,1720,5000,41,['const'],15,5,0.06,7,"['gaussian', 1]","[0.1, 1.1, 2.1, 3.1, 4.1000000000000005, 5.1000000000000005, 6.1000000000000005]"
249,0.0,2207,5000,41,['const'],15,5,0.06,7,"['gaussian', 1]","[0.1, 1.1, 2.1, 3.1, 4.1000000000000005, 5.1000000000000005, 6.1000000000000005]"
250,0.0,4402,5000,41,['const'],15,5,0.06,7,"['gaussian', 1]","[0.1, 1.1, 2.1, 3.1, 4.1000000000000005, 5.1000000000000005, 6.1000000000000005]"
251,0.0,1763,5000,41,['const'],15,5,0.06,7,"['gaussian', 1]","[0.1, 1.1, 2.1, 3.1, 4.1000000000000005, 5.1000000000000005, 6.1000000000000005]"
252,0.0,3896,5000,41,['const'],15,5,0.06,7,"['gaussian', 1]","[0.1, 1.1, 2.1, 3.1, 4.1000000000000005, 5.1000000000000005, 6.1000000000000005]"
253,0.5,4961,5000,41,['const'],15,5,0.06,7,"['gaussian', 1]","[0.1, 1.1, 2.1, 3.1, 4.1000000000000005, 5.1000000000000005, 6.1000000000000005]"
254,0.375,4961,5000,41,['const'],15,5,0.06,7,"['gaussian', 1]","[0.1, 1.1, 2.1, 3.1, 4.1000000000000005, 5.1000000000000005, 6.1000000000000005]"
255,0.0,2409,5000,41,['const'],15,5,0.06,7,"['gaussian', 1]","[0.1, 1.1, 2.1, 3.1, 4.1000000000000005, 5.1000000000000005, 6.1000000000000005]"
256,0.0,1961,5000,41,['const'],15,5,0.06,7,"['gaussian', 1]","[0.1, 1.1, 2.1, 3.1, 4.1000000000000005, 5.1000000000000005, 6.1000000000000005]"
257,0.0,1710,5000,41,['const'],15,5,0.06,7,"['gaussian', 1]","[0.1, 1.1, 2.1, 3.1, 4.1000000000000005, 5.1000000000000005, 6.1000000000000005]"
258,0.25,4961,5000,41,['const'],15,5,0.06,7,"['gaussian', 1]","[0.1, 1.1, 2.1, 3.1, 4.1000000000000005, 5.1000000000000005, 6.1000000000000005]"
259,0.4375,4961,5000,41,['const'],15,5,0.06,7,"['gaussian', 1]","[0.1, 1.1, 2.1, 3.1, 4.1000000000000005, 5.1000000000000005, 6.1000000000000005]"
260,0.0,3090,5000,41,['const'],15,5,0.06,7,"['gaussian', 1]","[0.1, 1.1, 2.1, 3.1, 4.1000000000000005, 5.1000000000000005, 6.1000000000000005]"
261,0.0,3526,5000,41,['const'],15,5,0.06,7,"['gaussian', 1]","[0.1, 1.1, 2.1, 3.1, 4.1000000000000005, 5.1000000000000005, 6.1000000000000005]"
262,0.0,1091,5000,41,['const'],15,5,0.06,7,"['gaussian', 1]","[0.1, 1.1, 2.1, 3.1, 4.1000000000000005, 5.1000000000000005, 6.1000000000000005]"
263,0.0,981,5000,41,['const'],15,5,0.06,7,"['gaussian', 1]","[0.1, 1.1, 2.1, 3.1, 4.1000000000000005, 5.1000000000000005, 6.1000000000000005]"
264,0.0,4486,5000,41,['const'],15,5,0.06,7,"['gaussian', 1]","[0.1, 1.1, 2.1, 3.1, 4.1000000000000005, 5.1000000000000005, 6.1000000000000005]"
265,0.0,1886,5000,41,['const'],15,5,0.06,7,"['gaussian', 1]","[0.1, 1.1, 2.1, 3.1, 4.1000000000000005, 5.1000000000000005, 6.1000000000000005]"
266,0.0,3605,5000,41,['const'],15,5,0.06,7,"['gaussian', 1]","[0.1, 1.1, 2.1, 3.1, 4.1000000000000005, 5.1000000000000005, 6.1000000000000005]"
267,0.0,788,5000,41,['const'],15,5,0.06,7,"['gaussian', 1]","[0.1, 1.1, 2.1, 3.1, 4.1000000000000005, 5.1000000000000005, 6.1000000000000005]"
268,0.0,287,5000,41,['const'],15,5,0.06,7,"['gaussian', 1]","[0.1, 1.1, 2.1, 3.1, 4.1000000000000005, 5.1000000000000005, 6.1000000000000005]"
269,0.375,4961,5000,41,['const'],15,5,0.06,7,"['gaussian', 1]","[0.1, 1.1, 2.1, 3.1, 4.1000000000000005, 5.1000000000000005, 6.1000000000000005]"
270,0.0,476,5000,46,['const'],15,5,0.06,7,"['gaussian', 1]","[0.1, 1.1, 2.1, 3.1, 4.1000000000000005, 5.1000000000000005, 6.1000000000000005]"
271,0.5,4968,5000,46,['const'],15,5,0.06,7,"['gaussian', 1]","[0.1, 1.1, 2.1, 3.1, 4.1000000000000005, 5.1000000000000005, 6.1000000000000005]"
272,0.5,4968,5000,46,['const'],15,5,0.06,7,"['gaussian', 1]","[0.1, 1.1, 2.1, 3.1, 4.1000000000000005, 5.1000000000000005, 6.1000000000000005]"
273,0.0,1352,5000,46,['const'],15,5,0.06,7,"['gaussian', 1]","[0.1, 1.1, 2.1, 3.1, 4.1000000000000005, 5.1000000000000005, 6.1000000000000005]"
274,0.0,4889,5000,46,['const'],15,5,0.06,7,"['gaussian', 1]","[0.1, 1.1, 2.1, 3.1, 4.1000000000000005, 5.1000000000000005, 6.1000000000000005]"
275,0.46875,4968,5000,46,['const'],15,5,0.06,7,"['gaussian', 1]","[0.1, 1.1, 2.1, 3.1, 4.1000000000000005, 5.1000000000000005, 6.1000000000000005]"
276,0.46875,4968,5000,46,['const'],15,5,0.06,7,"['gaussian', 1]","[0.1, 1.1, 2.1, 3.1, 4.1000000000000005, 5.1000000000000005, 6.1000000000000005]"
277,0.0,4289,5000,46,['const'],15,5,0.06,7,"['gaussian', 1]","[0.1, 1.1, 2.1, 3.1, 4.1000000000000005, 5.1000000000000005, 6.1000000000000005]"
278,0.0,1732,5000,46,['const'],15,5,0.06,7,"['gaussian', 1]","[0.1, 1.1, 2.1, 3.1, 4.1000000000000005, 5.1000000000000005, 6.1000000000000005]"
279,0.0,2750,5000,46,['const'],15,5,0.06,7,"['gaussian', 1]","[0.1, 1.1, 2.1, 3.1, 4.1000000000000005, 5.1000000000000005, 6.1000000000000005]"
280,0.4375,4968,5000,46,['const'],15,5,0.06,7,"['gaussian', 1]","[0.1, 1.1, 2.1, 3.1, 4.1000000000000005, 5.1000000000000005, 6.1000000000000005]"
281,0.0,1361,5000,46,['const'],15,5,0.06,7,"['gaussian', 1]","[0.1, 1.1, 2.1, 3.1, 4.1000000000000005, 5.1000000000000005, 6.1000000000000005]"
282,0.5,4968,5000,46,['const'],15,5,0.06,7,"['gaussian', 1]","[0.1, 1.1, 2.1, 3.1, 4.1000000000000005, 5.1000000000000005, 6.1000000000000005]"
283,0.0,2529,5000,46,['const'],15,5,0.06,7,"['gaussian', 1]","[0.1, 1.1, 2.1, 3.1, 4.1000000000000005, 5.1000000000000005, 6.1000000000000005]"
284,0.5,4968,5000,46,['const'],15,5,0.06,7,"['gaussian', 1]","[0.1, 1.1, 2.1, 3.1, 4.1000000000000005, 5.1000000000000005, 6.1000000000000005]"
285,0.5,4968,5000,46,['const'],15,5,0.06,7,"['gaussian', 1]","[0.1, 1.1, 2.1, 3.1, 4.1000000000000005, 5.1000000000000005, 6.1000000000000005]"
286,0.5,4968,5000,46,['const'],15,5,0.06,7,"['gaussian', 1]","[0.1, 1.1, 2.1, 3.1, 4.1000000000000005, 5.1000000000000005, 6.1000000000000005]"
287,0.5,4968,5000,46,['const'],15,5,0.06,7,"['gaussian', 1]","[0.1, 1.1, 2.1, 3.1, 4.1000000000000005, 5.1000000000000005, 6.1000000000000005]"
288,0.0,4504,5000,46,['const'],15,5,0.06,7,"['gaussian', 1]","[0.1, 1.1, 2.1, 3.1, 4.1000000000000005, 5.1000000000000005, 6.1000000000000005]"
289,0.0,1327,5000,46,['const'],15,5,0.06,7,"['gaussian', 1]","[0.1, 1.1, 2.1, 3.1, 4.1000000000000005, 5.1000000000000005, 6.1000000000000005]"
290,0.0,2860,5000,46,['const'],15,5,0.06,7,"['gaussian', 1]","[0.1, 1.1, 2.1, 3.1, 4.1000000000000005, 5.1000000000000005, 6.1000000000000005]"
291,0.0,1214,5000,46,['const'],15,5,0.06,7,"['gaussian', 1]","[0.1, 1.1, 2.1, 3.1, 4.1000000000000005, 5.1000000000000005, 6.1000000000000005]"
292,0.0,496,5000,46,['const'],15,5,0.06,7,"['gaussian', 1]","[0.1, 1.1, 2.1, 3.1, 4.1000000000000005, 5.1000000000000005, 6.1000000000000005]"
293,0.5,4968,5000,46,['const'],15,5,0.06,7,"['gaussian', 1]","[0.1, 1.1, 2.1, 3.1, 4.1000000000000005, 5.1000000000000005, 6.1000000000000005]"
294,0.375,4968,5000,46,['const'],15,5,0.06,7,"['gaussian', 1]","[0.1, 1.1, 2.1, 3.1, 4.1000000000000005, 5.1000000000000005, 6.1000000000000005]"
295,0.5,4968,5000,46,['const'],15,5,0.06,7,"['gaussian', 1]","[0.1, 1.1, 2.1, 3.1, 4.1000000000000005, 5.1000000000000005, 6.1000000000000005]"
296,0.0,3132,5000,46,['const'],15,5,0.06,7,"['gaussian', 1]","[0.1, 1.1, 2.1, 3.1, 4.1000000000000005, 5.1000000000000005, 6.1000000000000005]"
297,0.0,1537,5000,46,['const'],15,5,0.06,7,"['gaussian', 1]","[0.1, 1.1, 2.1, 3.1, 4.1000000000000005, 5.1000000000000005, 6.1000000000000005]"
298,0.5,4968,5000,46,['const'],15,5,0.06,7,"['gaussian', 1]","[0.1, 1.1, 2.1, 3.1, 4.1000000000000005, 5.1000000000000005, 6.1000000000000005]"
299,0.0,2201,5000,46,['const'],15,5,0.06,7,"['gaussian', 1]","[0.1, 1.1, 2.1, 3.1, 4.1000000000000005, 5.1000000000000005, 6.1000000000000005]"
